amount,payment_method,error_source,error_step,error_reason,hour_of_day,day_of_week,previous_attempts,recovered_within_24h
38455,upi,customer,payment_authorization,insufficient_funds,0,6,2,0
251269,wallet,customer,payment_authentication,incorrect_pin,17,5,2,1
285386,netbanking,customer,payment_authentication,expired_card,5,2,3,0
366466,card,gateway,payment_processing,payment_timed_out,17,0,4,1
286522,card,gateway,payment_processing,payment_timed_out,13,1,2,0
94924,wallet,unknown,unknown,unknown,4,1,4,0
184043,upi,bank,payment_processing,bank_unavailable,11,2,4,0
222451,netbanking,gateway,payment_processing,payment_timed_out,0,6,1,1
491988,upi,gateway,payment_processing,payment_timed_out,16,0,5,0
266733,upi,customer,payment_authorization,insufficient_funds,7,4,1,0
317854,netbanking,unknown,unknown,unknown,9,2,4,0
368047,wallet,customer,payment_authentication,incorrect_pin,3,0,3,1
181757,netbanking,customer,payment_authentication,expired_card,8,4,4,0
482263,wallet,unknown,unknown,unknown,9,4,4,0
337780,netbanking,customer,payment_authentication,expired_card,5,6,4,0
424290,wallet,unknown,unknown,unknown,23,3,4,1
374862,netbanking,customer,payment_authentication,incorrect_pin,6,2,5,1
311138,upi,customer,payment_authentication,expired_card,4,5,4,1
16407,wallet,gateway,payment_processing,payment_timed_out,13,1,5,0
292237,card,customer,payment_authentication,expired_card,7,4,3,0
65625,netbanking,unknown,unknown,unknown,10,6,2,1
301990,card,bank,payment_processing,bank_unavailable,17,0,2,0
350998,upi,gateway,payment_processing,payment_timed_out,1,6,4,1
273044,wallet,bank,payment_processing,bank_unavailable,12,1,3,1
154912,wallet,unknown,unknown,unknown,0,3,1,1
30622,netbanking,customer,payment_authentication,incorrect_pin,1,1,2,0
335855,card,customer,payment_authorization,insufficient_funds,2,1,5,0
349450,wallet,customer,payment_authentication,incorrect_pin,3,4,4,1
239489,netbanking,gateway,payment_processing,payment_timed_out,8,3,4,1
358452,card,customer,payment_authorization,insufficient_funds,22,3,1,0
389779,card,customer,payment_authorization,insufficient_funds,21,3,1,1
256728,upi,unknown,unknown,unknown,2,5,2,0
24790,upi,bank,payment_processing,bank_unavailable,23,6,5,0
435324,netbanking,customer,payment_authentication,incorrect_pin,15,3,3,1
233902,wallet,customer,payment_authentication,incorrect_pin,13,1,4,0
336546,upi,customer,payment_authorization,insufficient_funds,19,2,3,0
455548,wallet,unknown,unknown,unknown,11,3,3,1
181970,wallet,customer,payment_authentication,expired_card,6,0,4,0
311375,card,unknown,unknown,unknown,12,1,5,0
10827,netbanking,customer,payment_authorization,insufficient_funds,17,1,3,1
442640,upi,bank,payment_processing,bank_unavailable,16,6,3,1
30521,wallet,customer,payment_authentication,incorrect_pin,4,2,5,0
271021,netbanking,bank,payment_processing,bank_unavailable,22,6,2,1
176547,card,customer,payment_authentication,expired_card,6,3,5,0
18858,upi,gateway,payment_processing,payment_timed_out,19,3,3,1
231591,wallet,bank,payment_processing,bank_unavailable,7,6,5,1
467862,card,gateway,payment_processing,payment_timed_out,1,4,3,0
84268,wallet,customer,payment_authentication,expired_card,23,1,4,0
146843,netbanking,customer,payment_authorization,insufficient_funds,14,1,2,0
95475,wallet,unknown,unknown,unknown,5,4,4,1
63361,wallet,bank,payment_processing,bank_unavailable,0,0,2,0
115875,upi,customer,payment_authentication,incorrect_pin,3,1,4,0
286345,card,unknown,unknown,unknown,4,0,4,0
390476,card,unknown,unknown,unknown,22,4,3,0
345464,card,customer,payment_authentication,incorrect_pin,4,3,3,0
385873,upi,unknown,unknown,unknown,3,0,2,1
358085,netbanking,unknown,unknown,unknown,20,5,4,0
192086,upi,gateway,payment_processing,payment_timed_out,21,4,3,1
450223,netbanking,customer,payment_authorization,insufficient_funds,5,5,3,1
87009,netbanking,customer,payment_authentication,expired_card,15,1,1,0
350188,wallet,customer,payment_authentication,expired_card,12,6,1,0
56343,netbanking,customer,payment_authentication,expired_card,13,1,1,1
383029,card,customer,payment_authentication,expired_card,7,3,5,0
44477,wallet,customer,payment_authentication,expired_card,18,3,5,0
108875,card,customer,payment_authentication,expired_card,21,1,1,0
196248,card,gateway,payment_processing,payment_timed_out,17,2,1,1
347540,wallet,customer,payment_authentication,expired_card,21,0,4,0
23725,card,customer,payment_authentication,incorrect_pin,2,3,3,0
129420,upi,customer,payment_authentication,incorrect_pin,15,4,2,1
167484,card,unknown,unknown,unknown,23,2,4,0
365780,wallet,unknown,unknown,unknown,12,3,2,0
480806,upi,customer,payment_authentication,expired_card,22,6,1,1
307470,card,customer,payment_authorization,insufficient_funds,8,1,2,0
254245,upi,gateway,payment_processing,payment_timed_out,21,2,5,0
168803,netbanking,customer,payment_authentication,incorrect_pin,22,0,4,1
411500,card,bank,payment_processing,bank_unavailable,14,3,1,0
54515,card,customer,payment_authorization,insufficient_funds,16,1,3,0
65503,upi,customer,payment_authentication,incorrect_pin,12,5,5,0
101390,netbanking,gateway,payment_processing,payment_timed_out,7,2,5,0
134771,netbanking,customer,payment_authentication,expired_card,12,4,4,0
231336,wallet,customer,payment_authorization,insufficient_funds,23,1,1,0
473327,card,customer,payment_authentication,expired_card,0,2,2,0
325547,upi,customer,payment_authentication,incorrect_pin,4,1,2,1
192392,wallet,bank,payment_processing,bank_unavailable,11,3,1,0
106548,netbanking,customer,payment_authentication,expired_card,8,0,1,0
324555,netbanking,bank,payment_processing,bank_unavailable,14,0,2,0
127315,upi,gateway,payment_processing,payment_timed_out,8,3,3,0
488088,card,customer,payment_authorization,insufficient_funds,15,3,2,1
239385,wallet,customer,payment_authentication,incorrect_pin,2,2,3,1
275843,wallet,customer,payment_authentication,expired_card,7,3,2,0
451846,card,unknown,unknown,unknown,16,2,1,0
153367,wallet,bank,payment_processing,bank_unavailable,11,5,5,1
236430,wallet,customer,payment_authentication,incorrect_pin,17,3,3,1
266442,card,unknown,unknown,unknown,15,5,2,1
136266,wallet,bank,payment_processing,bank_unavailable,7,1,5,0
28264,card,customer,payment_authorization,insufficient_funds,10,1,5,1
142589,upi,customer,payment_authentication,expired_card,23,2,5,0
57072,netbanking,customer,payment_authorization,insufficient_funds,23,0,1,0
338165,netbanking,unknown,unknown,unknown,0,4,4,0
4578,upi,customer,payment_authorization,insufficient_funds,16,2,5,0
158930,wallet,customer,payment_authentication,expired_card,11,2,5,0
442221,upi,customer,payment_authentication,expired_card,0,3,2,0
284740,wallet,customer,payment_authorization,insufficient_funds,15,0,5,0
335969,upi,bank,payment_processing,bank_unavailable,0,2,3,1
334589,wallet,customer,payment_authentication,incorrect_pin,7,6,3,1
149866,wallet,customer,payment_authentication,expired_card,16,4,3,0
316528,wallet,gateway,payment_processing,payment_timed_out,19,4,4,0
111359,netbanking,unknown,unknown,unknown,9,3,1,0
318115,card,customer,payment_authorization,insufficient_funds,19,3,3,0
341855,netbanking,customer,payment_authorization,insufficient_funds,20,6,5,1
438195,card,customer,payment_authentication,expired_card,10,6,3,0
459847,wallet,gateway,payment_processing,payment_timed_out,4,2,2,0
12966,netbanking,unknown,unknown,unknown,15,6,1,1
150270,card,customer,payment_authentication,incorrect_pin,0,0,3,0
274010,netbanking,customer,payment_authorization,insufficient_funds,21,2,4,0
161458,netbanking,customer,payment_authorization,insufficient_funds,9,2,3,0
309671,upi,customer,payment_authorization,insufficient_funds,18,4,5,0
427266,upi,bank,payment_processing,bank_unavailable,17,4,4,1
129759,upi,unknown,unknown,unknown,11,3,3,0
446795,upi,customer,payment_authentication,incorrect_pin,23,1,1,1
441127,card,gateway,payment_processing,payment_timed_out,19,3,3,0
457105,netbanking,customer,payment_authentication,expired_card,21,1,1,0
37694,netbanking,customer,payment_authentication,expired_card,2,3,4,0
147284,card,gateway,payment_processing,payment_timed_out,11,2,1,1
62929,wallet,customer,payment_authentication,incorrect_pin,22,6,5,1
61036,netbanking,gateway,payment_processing,payment_timed_out,19,5,2,1
27518,upi,customer,payment_authorization,insufficient_funds,10,1,3,1
220559,wallet,customer,payment_authentication,expired_card,1,6,1,0
44524,netbanking,gateway,payment_processing,payment_timed_out,6,4,2,0
148586,netbanking,customer,payment_authentication,expired_card,13,2,5,0
490701,netbanking,customer,payment_authorization,insufficient_funds,15,3,2,1
442050,netbanking,bank,payment_processing,bank_unavailable,22,1,3,0
468608,upi,bank,payment_processing,bank_unavailable,2,0,5,1
19280,netbanking,customer,payment_authentication,incorrect_pin,9,2,4,1
330795,wallet,gateway,payment_processing,payment_timed_out,6,5,1,1
317306,card,customer,payment_authentication,incorrect_pin,23,2,2,1
67249,netbanking,bank,payment_processing,bank_unavailable,3,2,2,1
453185,upi,customer,payment_authentication,expired_card,5,6,2,0
202784,card,customer,payment_authentication,incorrect_pin,7,6,2,0
488359,card,unknown,unknown,unknown,2,3,3,0
57874,wallet,bank,payment_processing,bank_unavailable,15,0,2,0
325415,upi,customer,payment_authentication,incorrect_pin,12,4,2,0
66237,card,customer,payment_authentication,expired_card,13,5,3,0
475012,card,customer,payment_authentication,expired_card,21,6,2,0
304192,wallet,customer,payment_authentication,expired_card,10,6,2,0
38754,wallet,gateway,payment_processing,payment_timed_out,7,4,3,0
108196,upi,bank,payment_processing,bank_unavailable,9,0,5,1
180280,upi,gateway,payment_processing,payment_timed_out,19,1,3,1
7417,wallet,bank,payment_processing,bank_unavailable,12,5,3,0
5348,upi,customer,payment_authentication,expired_card,4,4,5,1
462815,wallet,customer,payment_authentication,incorrect_pin,16,3,4,1
490611,card,customer,payment_authentication,expired_card,17,2,2,1
268570,wallet,customer,payment_authorization,insufficient_funds,5,4,2,1
451461,card,gateway,payment_processing,payment_timed_out,13,2,3,0
327958,card,gateway,payment_processing,payment_timed_out,13,1,3,0
14998,netbanking,unknown,unknown,unknown,4,6,1,1
357533,upi,unknown,unknown,unknown,0,2,1,0
10048,netbanking,customer,payment_authentication,incorrect_pin,17,1,2,1
408438,netbanking,customer,payment_authentication,incorrect_pin,14,0,5,0
184118,wallet,unknown,unknown,unknown,17,3,4,0
71487,wallet,bank,payment_processing,bank_unavailable,9,6,5,0
130010,netbanking,customer,payment_authentication,incorrect_pin,12,1,1,1
341993,card,customer,payment_authorization,insufficient_funds,23,1,3,1
423620,card,unknown,unknown,unknown,5,1,3,0
285791,card,bank,payment_processing,bank_unavailable,15,0,3,0
81081,wallet,customer,payment_authentication,incorrect_pin,3,4,3,1
450177,card,gateway,payment_processing,payment_timed_out,1,2,2,0
395534,upi,customer,payment_authorization,insufficient_funds,22,5,1,1
205525,card,bank,payment_processing,bank_unavailable,3,2,5,0
277675,upi,customer,payment_authentication,incorrect_pin,15,4,5,0
482002,upi,customer,payment_authentication,expired_card,12,0,1,0
189318,upi,bank,payment_processing,bank_unavailable,19,2,3,0
13861,wallet,unknown,unknown,unknown,13,2,3,0
73714,netbanking,bank,payment_processing,bank_unavailable,16,0,4,1
300558,netbanking,customer,payment_authorization,insufficient_funds,21,2,5,0
498848,card,customer,payment_authentication,incorrect_pin,19,3,3,0
370211,netbanking,customer,payment_authorization,insufficient_funds,17,2,4,0
309375,upi,bank,payment_processing,bank_unavailable,3,3,5,0
162178,wallet,customer,payment_authentication,incorrect_pin,4,5,5,0
220252,netbanking,bank,payment_processing,bank_unavailable,11,5,2,1
20148,wallet,unknown,unknown,unknown,15,0,5,0
186193,upi,gateway,payment_processing,payment_timed_out,16,4,3,1
312111,card,customer,payment_authentication,expired_card,18,6,1,1
452959,netbanking,unknown,unknown,unknown,2,6,4,0
461290,card,gateway,payment_processing,payment_timed_out,4,2,5,1
410775,card,customer,payment_authentication,expired_card,3,5,2,0
11727,upi,unknown,unknown,unknown,12,5,3,0
405782,card,customer,payment_authentication,incorrect_pin,15,2,2,0
110090,upi,gateway,payment_processing,payment_timed_out,2,6,1,1
308483,card,customer,payment_authorization,insufficient_funds,20,4,5,0
473248,netbanking,gateway,payment_processing,payment_timed_out,7,5,1,0
444091,netbanking,unknown,unknown,unknown,15,5,3,0
332541,netbanking,bank,payment_processing,bank_unavailable,18,5,1,1
150340,card,customer,payment_authentication,incorrect_pin,0,6,4,1
260921,wallet,bank,payment_processing,bank_unavailable,20,6,5,0
352150,upi,bank,payment_processing,bank_unavailable,23,2,4,1
257592,card,unknown,unknown,unknown,23,3,4,1
202819,upi,unknown,unknown,unknown,3,4,5,0
202018,card,customer,payment_authentication,expired_card,9,5,5,0
300400,wallet,unknown,unknown,unknown,5,2,5,0
18856,card,bank,payment_processing,bank_unavailable,10,2,2,1
499079,wallet,bank,payment_processing,bank_unavailable,23,5,3,0
51930,card,unknown,unknown,unknown,18,6,5,0
492278,netbanking,gateway,payment_processing,payment_timed_out,18,6,2,1
18652,card,customer,payment_authentication,expired_card,10,1,4,0
256797,card,bank,payment_processing,bank_unavailable,22,6,1,0
209373,wallet,gateway,payment_processing,payment_timed_out,22,5,5,0
287358,wallet,gateway,payment_processing,payment_timed_out,19,1,4,1
217351,card,bank,payment_processing,bank_unavailable,19,0,4,0
448764,wallet,customer,payment_authentication,incorrect_pin,15,1,5,0
9315,card,customer,payment_authentication,incorrect_pin,2,6,2,0
492833,netbanking,customer,payment_authentication,incorrect_pin,6,5,3,1
345029,wallet,bank,payment_processing,bank_unavailable,18,4,5,1
389526,card,customer,payment_authentication,expired_card,7,4,1,0
70763,netbanking,gateway,payment_processing,payment_timed_out,4,2,5,0
33527,card,customer,payment_authorization,insufficient_funds,22,6,2,0
199115,upi,gateway,payment_processing,payment_timed_out,11,1,3,0
161997,upi,customer,payment_authentication,expired_card,20,2,3,1
391696,card,customer,payment_authentication,incorrect_pin,6,1,4,1
448385,wallet,bank,payment_processing,bank_unavailable,8,5,5,0
214304,upi,customer,payment_authorization,insufficient_funds,8,3,2,0
384408,card,unknown,unknown,unknown,8,4,1,0
30720,netbanking,unknown,unknown,unknown,10,6,3,0
371375,upi,gateway,payment_processing,payment_timed_out,7,1,4,0
50569,netbanking,customer,payment_authentication,expired_card,19,6,4,0
334294,card,bank,payment_processing,bank_unavailable,7,0,4,0
191692,wallet,customer,payment_authorization,insufficient_funds,10,5,2,0
208217,netbanking,gateway,payment_processing,payment_timed_out,20,4,5,1
138900,netbanking,customer,payment_authentication,incorrect_pin,10,5,1,1
202217,upi,customer,payment_authorization,insufficient_funds,0,1,1,1
437334,card,customer,payment_authentication,incorrect_pin,0,6,1,1
404658,wallet,bank,payment_processing,bank_unavailable,10,5,5,1
170818,upi,customer,payment_authorization,insufficient_funds,15,0,1,0
147596,wallet,customer,payment_authorization,insufficient_funds,22,3,4,0
255049,card,bank,payment_processing,bank_unavailable,3,5,5,0
342731,netbanking,unknown,unknown,unknown,13,3,4,1
91989,netbanking,customer,payment_authentication,expired_card,6,2,5,0
363378,card,gateway,payment_processing,payment_timed_out,10,1,1,1
474397,card,unknown,unknown,unknown,10,3,3,0
422434,netbanking,unknown,unknown,unknown,7,6,3,0
274589,upi,bank,payment_processing,bank_unavailable,0,4,4,1
160623,netbanking,unknown,unknown,unknown,1,5,4,0
162424,upi,unknown,unknown,unknown,12,5,3,0
371203,netbanking,unknown,unknown,unknown,5,5,2,1
227970,netbanking,bank,payment_processing,bank_unavailable,7,2,1,0
54138,upi,customer,payment_authorization,insufficient_funds,2,5,3,1
339146,wallet,customer,payment_authentication,expired_card,1,2,2,1
69892,card,unknown,unknown,unknown,3,4,3,0
493465,wallet,unknown,unknown,unknown,9,2,4,0
209251,upi,customer,payment_authentication,expired_card,3,6,3,0
171657,upi,customer,payment_authentication,incorrect_pin,5,5,3,0
28557,card,bank,payment_processing,bank_unavailable,7,4,1,1
84694,upi,gateway,payment_processing,payment_timed_out,6,3,4,1
473902,card,customer,payment_authentication,expired_card,0,3,3,0
269021,netbanking,bank,payment_processing,bank_unavailable,2,5,1,1
451046,upi,bank,payment_processing,bank_unavailable,22,1,2,1
478004,netbanking,customer,payment_authentication,incorrect_pin,16,5,4,0
25417,upi,customer,payment_authorization,insufficient_funds,2,1,5,0
191012,upi,gateway,payment_processing,payment_timed_out,6,0,3,0
419318,netbanking,customer,payment_authorization,insufficient_funds,9,5,5,0
248339,wallet,unknown,unknown,unknown,21,4,1,0
254928,upi,customer,payment_authentication,incorrect_pin,21,2,2,0
285478,card,customer,payment_authentication,expired_card,18,4,5,0
351280,wallet,bank,payment_processing,bank_unavailable,2,5,1,1
469439,wallet,gateway,payment_processing,payment_timed_out,11,5,4,0
443579,netbanking,unknown,unknown,unknown,11,6,2,0
312920,card,customer,payment_authentication,expired_card,15,5,2,0
288910,card,customer,payment_authentication,expired_card,20,3,3,0
181137,netbanking,gateway,payment_processing,payment_timed_out,7,1,2,0
59047,netbanking,customer,payment_authentication,expired_card,13,0,5,0
354797,card,customer,payment_authorization,insufficient_funds,6,4,5,0
2286,upi,bank,payment_processing,bank_unavailable,5,4,3,0
349388,upi,customer,payment_authorization,insufficient_funds,7,4,3,0
248964,wallet,bank,payment_processing,bank_unavailable,17,0,1,0
393453,card,customer,payment_authentication,expired_card,10,4,2,0
474667,card,customer,payment_authorization,insufficient_funds,16,5,1,1
276941,card,customer,payment_authorization,insufficient_funds,16,5,5,0
286738,wallet,gateway,payment_processing,payment_timed_out,8,3,2,1
244199,upi,bank,payment_processing,bank_unavailable,22,0,2,0
187097,upi,customer,payment_authorization,insufficient_funds,1,3,5,1
45349,card,gateway,payment_processing,payment_timed_out,21,4,4,1
16430,card,gateway,payment_processing,payment_timed_out,0,3,4,0
361781,netbanking,gateway,payment_processing,payment_timed_out,9,4,1,1
457575,card,gateway,payment_processing,payment_timed_out,19,3,3,1
27873,card,unknown,unknown,unknown,16,3,3,0
164251,wallet,customer,payment_authentication,expired_card,7,2,2,0
304495,upi,customer,payment_authorization,insufficient_funds,21,4,4,1
352684,netbanking,unknown,unknown,unknown,3,1,5,0
367907,netbanking,customer,payment_authorization,insufficient_funds,16,3,2,1
347425,card,customer,payment_authorization,insufficient_funds,12,2,2,0
42847,wallet,gateway,payment_processing,payment_timed_out,4,4,2,1
127687,card,unknown,unknown,unknown,22,6,5,0
235153,wallet,bank,payment_processing,bank_unavailable,18,4,1,0
32825,card,gateway,payment_processing,payment_timed_out,0,0,5,0
172249,netbanking,unknown,unknown,unknown,2,4,4,1
193115,netbanking,gateway,payment_processing,payment_timed_out,1,2,3,0
489071,wallet,customer,payment_authentication,incorrect_pin,9,0,3,1
159248,card,customer,payment_authentication,expired_card,10,1,5,0
485715,card,customer,payment_authorization,insufficient_funds,17,6,4,0
350428,upi,unknown,unknown,unknown,16,2,2,1
346443,card,customer,payment_authentication,incorrect_pin,0,1,1,1
410072,wallet,unknown,unknown,unknown,11,0,4,0
421314,upi,customer,payment_authorization,insufficient_funds,18,4,1,1
112000,wallet,bank,payment_processing,bank_unavailable,21,5,1,1
211036,netbanking,customer,payment_authorization,insufficient_funds,7,2,5,0
264587,upi,gateway,payment_processing,payment_timed_out,1,0,3,1
488405,card,bank,payment_processing,bank_unavailable,3,2,4,0
21263,netbanking,gateway,payment_processing,payment_timed_out,8,4,2,1
238916,card,customer,payment_authentication,incorrect_pin,10,0,1,1
107913,upi,bank,payment_processing,bank_unavailable,8,1,1,1
104196,netbanking,unknown,unknown,unknown,2,0,2,0
381119,netbanking,unknown,unknown,unknown,8,3,1,1
101744,upi,customer,payment_authorization,insufficient_funds,6,1,3,0
396906,card,bank,payment_processing,bank_unavailable,11,1,2,0
496968,upi,bank,payment_processing,bank_unavailable,1,0,3,1
388426,netbanking,customer,payment_authentication,expired_card,18,5,3,0
85791,netbanking,customer,payment_authentication,expired_card,10,3,2,0
72051,netbanking,customer,payment_authentication,incorrect_pin,7,6,3,1
219125,wallet,gateway,payment_processing,payment_timed_out,21,2,1,0
275966,wallet,customer,payment_authorization,insufficient_funds,17,1,2,0
389394,card,customer,payment_authorization,insufficient_funds,3,1,5,0
211931,upi,unknown,unknown,unknown,3,6,5,0
84364,netbanking,gateway,payment_processing,payment_timed_out,0,4,3,0
495752,wallet,bank,payment_processing,bank_unavailable,13,2,5,0
452374,wallet,unknown,unknown,unknown,8,4,3,1
327381,upi,bank,payment_processing,bank_unavailable,9,3,1,1
348035,upi,customer,payment_authentication,expired_card,12,0,5,0
467666,upi,customer,payment_authorization,insufficient_funds,12,4,3,0
237957,upi,customer,payment_authorization,insufficient_funds,0,0,4,0
73529,netbanking,bank,payment_processing,bank_unavailable,2,1,4,0
303374,netbanking,customer,payment_authentication,expired_card,18,4,2,1
225986,card,gateway,payment_processing,payment_timed_out,22,3,4,1
400076,card,bank,payment_processing,bank_unavailable,20,1,3,0
386032,wallet,unknown,unknown,unknown,21,0,2,0
236250,card,customer,payment_authentication,expired_card,11,4,2,0
184561,wallet,customer,payment_authentication,incorrect_pin,19,4,4,1
211605,wallet,gateway,payment_processing,payment_timed_out,21,1,2,1
316622,card,customer,payment_authentication,expired_card,21,2,1,0
318877,upi,bank,payment_processing,bank_unavailable,3,2,5,1
256339,wallet,bank,payment_processing,bank_unavailable,3,6,2,0
266407,netbanking,customer,payment_authorization,insufficient_funds,9,5,4,0
495973,card,customer,payment_authentication,expired_card,12,1,4,1
127614,netbanking,customer,payment_authentication,expired_card,22,3,5,0
87762,netbanking,bank,payment_processing,bank_unavailable,7,6,4,0
399785,wallet,customer,payment_authorization,insufficient_funds,19,2,4,0
467739,card,bank,payment_processing,bank_unavailable,21,0,5,1
304735,wallet,bank,payment_processing,bank_unavailable,23,2,5,0
201384,wallet,bank,payment_processing,bank_unavailable,4,4,1,1
174905,upi,customer,payment_authorization,insufficient_funds,5,6,4,0
234528,upi,customer,payment_authentication,expired_card,5,2,1,0
27175,netbanking,customer,payment_authorization,insufficient_funds,17,0,5,0
264772,upi,customer,payment_authentication,expired_card,16,1,1,0
135527,card,customer,payment_authentication,incorrect_pin,9,2,2,0
133418,card,bank,payment_processing,bank_unavailable,2,0,1,0
280616,wallet,gateway,payment_processing,payment_timed_out,12,0,4,0
481866,wallet,gateway,payment_processing,payment_timed_out,17,4,1,0
103724,upi,gateway,payment_processing,payment_timed_out,11,5,1,1
455833,wallet,gateway,payment_processing,payment_timed_out,6,1,3,0
260183,upi,customer,payment_authentication,incorrect_pin,14,3,5,0
486480,netbanking,bank,payment_processing,bank_unavailable,15,4,3,0
191724,wallet,customer,payment_authentication,expired_card,14,4,3,1
498463,wallet,gateway,payment_processing,payment_timed_out,20,6,4,0
330322,upi,customer,payment_authentication,expired_card,7,6,3,0
335230,wallet,unknown,unknown,unknown,14,2,2,1
282046,upi,customer,payment_authorization,insufficient_funds,20,6,3,1
226391,netbanking,customer,payment_authentication,incorrect_pin,5,0,1,0
263032,card,customer,payment_authentication,incorrect_pin,6,6,2,0
425517,card,customer,payment_authentication,expired_card,1,0,4,0
396383,upi,customer,payment_authentication,expired_card,8,0,2,0
12878,wallet,customer,payment_authorization,insufficient_funds,1,0,1,0
347615,card,gateway,payment_processing,payment_timed_out,17,0,1,1
417368,netbanking,gateway,payment_processing,payment_timed_out,2,3,5,0
372325,card,bank,payment_processing,bank_unavailable,16,4,2,0
249146,card,customer,payment_authorization,insufficient_funds,13,5,1,0
168421,wallet,gateway,payment_processing,payment_timed_out,23,0,4,1
336937,upi,gateway,payment_processing,payment_timed_out,8,2,3,0
332177,netbanking,customer,payment_authorization,insufficient_funds,8,0,3,1
187649,netbanking,customer,payment_authorization,insufficient_funds,5,1,5,0
203769,card,bank,payment_processing,bank_unavailable,12,5,2,1
184943,card,customer,payment_authentication,expired_card,5,4,3,1
23453,upi,customer,payment_authentication,incorrect_pin,2,1,4,1
16826,wallet,unknown,unknown,unknown,22,2,4,0
42456,wallet,bank,payment_processing,bank_unavailable,16,6,2,0
212471,upi,bank,payment_processing,bank_unavailable,2,4,4,1
255697,upi,customer,payment_authentication,incorrect_pin,14,1,4,1
204769,upi,unknown,unknown,unknown,7,6,1,0
477631,upi,customer,payment_authorization,insufficient_funds,4,1,1,0
113170,wallet,unknown,unknown,unknown,11,2,4,0
197089,wallet,bank,payment_processing,bank_unavailable,18,4,1,0
124414,upi,unknown,unknown,unknown,0,3,5,0
150575,netbanking,customer,payment_authorization,insufficient_funds,8,0,1,0
292486,upi,customer,payment_authentication,incorrect_pin,22,5,5,1
155644,card,gateway,payment_processing,payment_timed_out,9,1,4,1
159568,netbanking,gateway,payment_processing,payment_timed_out,2,4,3,0
335743,netbanking,customer,payment_authentication,expired_card,10,2,2,0
415296,wallet,customer,payment_authentication,incorrect_pin,16,5,2,0
107070,upi,unknown,unknown,unknown,23,6,4,1
56581,upi,bank,payment_processing,bank_unavailable,15,5,4,0
120500,card,unknown,unknown,unknown,1,6,2,1
289245,card,unknown,unknown,unknown,19,3,3,0
479885,wallet,unknown,unknown,unknown,18,0,5,0
80862,wallet,gateway,payment_processing,payment_timed_out,15,3,2,0
22340,card,gateway,payment_processing,payment_timed_out,21,3,4,0
264592,wallet,customer,payment_authentication,expired_card,18,5,1,0
495476,card,customer,payment_authentication,incorrect_pin,5,1,5,0
276720,netbanking,bank,payment_processing,bank_unavailable,10,4,1,0
462309,card,gateway,payment_processing,payment_timed_out,12,3,2,0
321507,upi,gateway,payment_processing,payment_timed_out,11,4,3,0
16769,wallet,customer,payment_authentication,expired_card,15,2,2,0
214285,upi,gateway,payment_processing,payment_timed_out,16,2,1,1
385253,upi,customer,payment_authentication,incorrect_pin,2,1,4,0
255228,upi,bank,payment_processing,bank_unavailable,13,5,1,0
98204,card,customer,payment_authentication,expired_card,0,0,5,0
91295,upi,unknown,unknown,unknown,12,1,1,1
332106,upi,customer,payment_authorization,insufficient_funds,10,2,2,0
232045,netbanking,customer,payment_authorization,insufficient_funds,4,1,5,0
287492,wallet,bank,payment_processing,bank_unavailable,23,6,1,1
187142,upi,customer,payment_authorization,insufficient_funds,6,2,1,1
170182,card,customer,payment_authentication,expired_card,1,1,4,0
333400,netbanking,customer,payment_authentication,expired_card,8,1,1,0
4873,wallet,gateway,payment_processing,payment_timed_out,18,1,5,0
217976,netbanking,unknown,unknown,unknown,0,4,3,0
185975,wallet,customer,payment_authentication,incorrect_pin,11,3,5,1
389892,netbanking,customer,payment_authorization,insufficient_funds,10,1,2,0
364480,card,customer,payment_authorization,insufficient_funds,20,6,1,0
213570,upi,customer,payment_authorization,insufficient_funds,0,4,5,0
132093,wallet,gateway,payment_processing,payment_timed_out,0,2,4,1
118650,wallet,customer,payment_authentication,incorrect_pin,13,3,5,0
106417,upi,customer,payment_authentication,incorrect_pin,4,4,2,1
137570,netbanking,unknown,unknown,unknown,16,1,3,1
380529,upi,unknown,unknown,unknown,6,5,3,1
23597,netbanking,customer,payment_authorization,insufficient_funds,13,1,3,0
14037,wallet,customer,payment_authorization,insufficient_funds,0,0,2,1
270420,upi,customer,payment_authentication,expired_card,16,3,2,1
112504,card,customer,payment_authentication,expired_card,12,6,4,0
415610,upi,unknown,unknown,unknown,0,5,1,0
376350,netbanking,bank,payment_processing,bank_unavailable,6,2,2,1
384787,wallet,customer,payment_authentication,incorrect_pin,1,2,2,1
229057,upi,bank,payment_processing,bank_unavailable,1,4,1,0
219457,card,customer,payment_authentication,expired_card,16,1,1,0
213367,wallet,customer,payment_authentication,expired_card,10,5,3,0
98864,card,customer,payment_authentication,expired_card,19,2,1,1
284096,upi,unknown,unknown,unknown,6,1,2,1
431879,card,gateway,payment_processing,payment_timed_out,17,0,3,0
129059,netbanking,customer,payment_authorization,insufficient_funds,14,4,5,1
29333,netbanking,bank,payment_processing,bank_unavailable,15,0,1,1
282789,card,gateway,payment_processing,payment_timed_out,19,5,3,0
200212,wallet,bank,payment_processing,bank_unavailable,16,6,1,1
398930,netbanking,bank,payment_processing,bank_unavailable,17,0,3,1
428451,card,customer,payment_authorization,insufficient_funds,17,0,3,0
475369,wallet,customer,payment_authorization,insufficient_funds,10,6,4,0
197195,wallet,gateway,payment_processing,payment_timed_out,17,0,3,1
450972,card,unknown,unknown,unknown,20,2,5,1
59819,upi,gateway,payment_processing,payment_timed_out,17,6,1,1
186995,netbanking,customer,payment_authorization,insufficient_funds,14,0,1,0
133709,netbanking,customer,payment_authentication,incorrect_pin,1,4,1,0
461628,upi,customer,payment_authentication,incorrect_pin,10,2,2,0
300415,netbanking,bank,payment_processing,bank_unavailable,1,3,1,1
183562,wallet,customer,payment_authentication,expired_card,2,6,1,0
76866,upi,unknown,unknown,unknown,8,4,2,0
391712,netbanking,unknown,unknown,unknown,11,2,5,0
327813,upi,customer,payment_authentication,incorrect_pin,12,6,5,1
426629,netbanking,gateway,payment_processing,payment_timed_out,21,4,1,1
219643,card,customer,payment_authorization,insufficient_funds,18,0,5,0
75803,upi,customer,payment_authorization,insufficient_funds,10,2,2,1
167860,wallet,customer,payment_authentication,expired_card,8,1,3,0
310417,upi,customer,payment_authentication,incorrect_pin,17,4,2,0
121222,netbanking,bank,payment_processing,bank_unavailable,6,6,3,0
36284,upi,customer,payment_authentication,expired_card,21,0,4,0
411842,wallet,customer,payment_authorization,insufficient_funds,18,5,4,0
265736,netbanking,customer,payment_authentication,expired_card,16,6,3,0
198940,wallet,bank,payment_processing,bank_unavailable,5,6,4,0
276870,card,gateway,payment_processing,payment_timed_out,14,4,4,1
369501,card,customer,payment_authorization,insufficient_funds,19,2,1,1
1671,netbanking,customer,payment_authentication,incorrect_pin,1,1,2,1
220737,wallet,customer,payment_authentication,expired_card,4,6,1,0
127865,wallet,customer,payment_authorization,insufficient_funds,12,2,4,0
46841,upi,gateway,payment_processing,payment_timed_out,8,2,3,1
18950,netbanking,customer,payment_authentication,incorrect_pin,17,5,4,1
220812,upi,customer,payment_authentication,expired_card,9,5,3,0
272435,card,unknown,unknown,unknown,23,5,2,0
254336,wallet,customer,payment_authentication,incorrect_pin,7,6,1,1
391696,card,customer,payment_authorization,insufficient_funds,8,6,5,0
229463,wallet,unknown,unknown,unknown,0,1,2,0
295355,card,customer,payment_authentication,expired_card,5,1,1,0
408305,upi,customer,payment_authorization,insufficient_funds,5,1,2,1
328989,card,customer,payment_authorization,insufficient_funds,18,4,5,0
455515,netbanking,gateway,payment_processing,payment_timed_out,8,4,2,1
111577,wallet,unknown,unknown,unknown,4,6,5,0
393603,netbanking,bank,payment_processing,bank_unavailable,7,5,3,1
348675,wallet,bank,payment_processing,bank_unavailable,13,5,5,1
291808,wallet,gateway,payment_processing,payment_timed_out,18,0,4,0
2869,wallet,customer,payment_authorization,insufficient_funds,23,4,1,1
271184,netbanking,customer,payment_authorization,insufficient_funds,1,5,3,0
429375,card,gateway,payment_processing,payment_timed_out,20,6,3,0
322664,card,customer,payment_authorization,insufficient_funds,9,2,2,1
3544,upi,gateway,payment_processing,payment_timed_out,19,5,3,1
144627,card,bank,payment_processing,bank_unavailable,0,2,1,1
285104,wallet,unknown,unknown,unknown,15,1,4,0
406112,card,customer,payment_authentication,incorrect_pin,22,2,5,1
223017,upi,unknown,unknown,unknown,0,1,1,0
428568,netbanking,customer,payment_authorization,insufficient_funds,18,6,3,1
398133,wallet,customer,payment_authentication,incorrect_pin,2,1,4,1
134341,wallet,gateway,payment_processing,payment_timed_out,23,0,1,1
98282,card,customer,payment_authentication,expired_card,17,4,2,0
451507,card,unknown,unknown,unknown,21,4,2,1
295014,netbanking,customer,payment_authentication,incorrect_pin,21,3,1,0
424518,upi,customer,payment_authentication,incorrect_pin,7,1,5,0
461147,card,customer,payment_authentication,expired_card,9,3,3,0
212819,upi,unknown,unknown,unknown,16,6,4,0
23820,wallet,bank,payment_processing,bank_unavailable,4,0,3,0
454592,netbanking,gateway,payment_processing,payment_timed_out,7,5,5,0
292204,wallet,unknown,unknown,unknown,2,0,5,1
61099,wallet,unknown,unknown,unknown,21,1,4,0
265368,wallet,customer,payment_authentication,expired_card,5,6,2,0
14965,upi,gateway,payment_processing,payment_timed_out,9,2,3,0
145610,wallet,customer,payment_authentication,expired_card,10,3,5,0
174585,upi,gateway,payment_processing,payment_timed_out,9,2,3,1
227722,card,customer,payment_authentication,expired_card,18,4,3,0
283152,netbanking,customer,payment_authentication,expired_card,21,2,1,1
419858,card,bank,payment_processing,bank_unavailable,13,3,5,0
176370,upi,customer,payment_authentication,expired_card,20,5,4,0
367929,upi,gateway,payment_processing,payment_timed_out,2,3,2,0
471092,wallet,unknown,unknown,unknown,23,3,3,0
374510,card,customer,payment_authentication,expired_card,2,5,3,0
128100,card,customer,payment_authentication,incorrect_pin,1,2,1,1
339188,wallet,customer,payment_authentication,expired_card,0,5,5,0
141325,upi,customer,payment_authorization,insufficient_funds,5,5,5,1
239478,wallet,customer,payment_authentication,incorrect_pin,20,6,5,1
317779,wallet,customer,payment_authentication,incorrect_pin,7,3,2,1
147321,netbanking,customer,payment_authentication,expired_card,18,3,2,1
2928,upi,unknown,unknown,unknown,10,0,1,1
418745,upi,customer,payment_authentication,expired_card,2,0,4,0
364051,card,bank,payment_processing,bank_unavailable,11,0,2,0
62444,netbanking,customer,payment_authentication,incorrect_pin,5,4,5,0
189357,upi,gateway,payment_processing,payment_timed_out,6,2,5,0
131585,card,customer,payment_authentication,incorrect_pin,12,2,1,1
488897,upi,unknown,unknown,unknown,18,4,5,0
470963,netbanking,gateway,payment_processing,payment_timed_out,14,2,1,1
346018,upi,unknown,unknown,unknown,5,0,3,1
220945,netbanking,customer,payment_authorization,insufficient_funds,17,3,3,0
27055,upi,customer,payment_authentication,incorrect_pin,16,3,5,1
124213,upi,customer,payment_authorization,insufficient_funds,5,0,4,0
47221,upi,gateway,payment_processing,payment_timed_out,20,1,5,0
394957,wallet,customer,payment_authorization,insufficient_funds,20,1,3,1
44995,upi,unknown,unknown,unknown,14,4,5,0
339078,card,customer,payment_authentication,incorrect_pin,7,1,5,0
476359,netbanking,customer,payment_authentication,incorrect_pin,8,0,5,1
154660,netbanking,customer,payment_authorization,insufficient_funds,10,1,3,1
342342,netbanking,gateway,payment_processing,payment_timed_out,4,3,2,1
439680,wallet,customer,payment_authentication,expired_card,7,5,5,0
214375,card,bank,payment_processing,bank_unavailable,3,0,4,0
224973,wallet,customer,payment_authentication,expired_card,3,6,5,0
101041,card,customer,payment_authentication,expired_card,17,2,3,0
214326,wallet,customer,payment_authentication,expired_card,3,2,5,0
436947,netbanking,customer,payment_authentication,expired_card,11,0,4,0
332011,netbanking,customer,payment_authentication,incorrect_pin,10,1,4,0
101576,wallet,customer,payment_authorization,insufficient_funds,1,3,1,0
263744,wallet,customer,payment_authentication,expired_card,19,4,3,0
353633,wallet,customer,payment_authentication,incorrect_pin,23,5,4,0
39593,netbanking,bank,payment_processing,bank_unavailable,15,3,4,0
381899,upi,customer,payment_authentication,incorrect_pin,16,0,5,0
101423,card,gateway,payment_processing,payment_timed_out,5,2,2,1
148033,upi,customer,payment_authentication,incorrect_pin,20,5,2,0
208756,wallet,customer,payment_authentication,incorrect_pin,18,4,5,0
252952,upi,customer,payment_authentication,expired_card,10,4,5,0
458091,upi,customer,payment_authorization,insufficient_funds,16,3,1,1
112271,upi,bank,payment_processing,bank_unavailable,22,3,2,1
128668,netbanking,customer,payment_authorization,insufficient_funds,14,6,5,0
190086,netbanking,customer,payment_authorization,insufficient_funds,4,4,1,0
428781,wallet,gateway,payment_processing,payment_timed_out,7,4,4,0
482603,card,gateway,payment_processing,payment_timed_out,4,2,1,1
227792,card,customer,payment_authorization,insufficient_funds,7,3,1,0
346876,upi,gateway,payment_processing,payment_timed_out,21,4,4,1
458715,upi,gateway,payment_processing,payment_timed_out,4,6,4,0
423461,card,customer,payment_authentication,expired_card,21,5,3,0
340953,wallet,customer,payment_authentication,expired_card,6,4,5,1
270759,netbanking,unknown,unknown,unknown,11,5,2,0
492190,wallet,bank,payment_processing,bank_unavailable,12,0,3,1
120281,upi,bank,payment_processing,bank_unavailable,3,1,4,0
182019,upi,customer,payment_authentication,expired_card,4,1,4,0
356727,wallet,unknown,unknown,unknown,7,4,2,0
11425,upi,gateway,payment_processing,payment_timed_out,1,5,4,1
250783,upi,customer,payment_authentication,incorrect_pin,18,1,3,1
427363,card,bank,payment_processing,bank_unavailable,13,1,3,1
89247,wallet,gateway,payment_processing,payment_timed_out,20,3,5,0
401749,netbanking,customer,payment_authorization,insufficient_funds,20,6,2,0
206802,upi,unknown,unknown,unknown,8,0,4,0
430396,wallet,gateway,payment_processing,payment_timed_out,19,6,5,0
317785,wallet,unknown,unknown,unknown,1,1,4,0
79429,wallet,customer,payment_authentication,incorrect_pin,10,1,5,1
367931,wallet,customer,payment_authentication,expired_card,15,4,3,0
29020,upi,customer,payment_authentication,expired_card,11,5,2,0
122367,wallet,customer,payment_authentication,expired_card,17,6,5,0
444308,card,unknown,unknown,unknown,20,0,4,0
438123,wallet,bank,payment_processing,bank_unavailable,10,0,2,1
24122,netbanking,customer,payment_authentication,expired_card,6,3,2,0
190396,wallet,gateway,payment_processing,payment_timed_out,13,3,2,0
47972,netbanking,gateway,payment_processing,payment_timed_out,20,1,5,0
136297,netbanking,gateway,payment_processing,payment_timed_out,23,4,1,1
483760,netbanking,bank,payment_processing,bank_unavailable,19,1,4,0
98365,wallet,unknown,unknown,unknown,5,6,3,0
321085,netbanking,customer,payment_authentication,incorrect_pin,4,1,1,1
402282,upi,bank,payment_processing,bank_unavailable,13,4,4,0
440609,wallet,customer,payment_authentication,expired_card,9,3,4,0
177728,netbanking,customer,payment_authentication,incorrect_pin,14,0,4,1
348739,card,bank,payment_processing,bank_unavailable,22,4,3,0
242216,netbanking,customer,payment_authentication,expired_card,13,1,2,0
54560,wallet,customer,payment_authentication,expired_card,8,3,1,0
112187,wallet,customer,payment_authentication,incorrect_pin,20,4,1,1
374337,wallet,customer,payment_authorization,insufficient_funds,10,0,2,0
343360,card,customer,payment_authorization,insufficient_funds,14,1,4,0
261026,wallet,customer,payment_authentication,expired_card,3,2,1,0
390736,card,customer,payment_authorization,insufficient_funds,12,6,5,0
345939,netbanking,customer,payment_authentication,expired_card,10,1,3,0
170373,netbanking,gateway,payment_processing,payment_timed_out,2,6,2,1
147682,upi,gateway,payment_processing,payment_timed_out,5,3,5,1
472595,card,customer,payment_authorization,insufficient_funds,16,6,1,0
485948,upi,unknown,unknown,unknown,4,5,5,0
16274,upi,customer,payment_authentication,incorrect_pin,3,2,2,1
395587,card,customer,payment_authentication,incorrect_pin,1,3,2,0
67338,card,customer,payment_authentication,incorrect_pin,0,5,3,1
430753,upi,customer,payment_authorization,insufficient_funds,10,0,5,0
294805,card,unknown,unknown,unknown,11,4,2,1
344200,netbanking,customer,payment_authorization,insufficient_funds,14,3,5,0
351002,upi,gateway,payment_processing,payment_timed_out,13,0,2,1
302855,card,bank,payment_processing,bank_unavailable,12,6,2,1
126091,card,customer,payment_authentication,incorrect_pin,23,1,4,0
403788,netbanking,bank,payment_processing,bank_unavailable,5,6,4,1
277482,card,customer,payment_authentication,incorrect_pin,17,1,2,1
272984,netbanking,bank,payment_processing,bank_unavailable,1,3,1,0
159875,card,customer,payment_authentication,expired_card,20,2,2,0
6010,card,customer,payment_authentication,expired_card,8,6,3,0
277491,card,customer,payment_authorization,insufficient_funds,8,6,1,1
173200,upi,gateway,payment_processing,payment_timed_out,3,5,1,0
330005,netbanking,customer,payment_authentication,expired_card,12,5,5,1
182894,upi,customer,payment_authorization,insufficient_funds,9,5,1,1
486432,card,bank,payment_processing,bank_unavailable,23,2,3,0
340756,wallet,customer,payment_authentication,incorrect_pin,4,6,4,1
228393,wallet,unknown,unknown,unknown,10,3,2,0
354391,netbanking,gateway,payment_processing,payment_timed_out,21,2,3,0
324460,wallet,customer,payment_authorization,insufficient_funds,19,1,1,0
310651,wallet,gateway,payment_processing,payment_timed_out,18,4,4,0
289442,card,gateway,payment_processing,payment_timed_out,12,1,4,0
466007,wallet,customer,payment_authentication,expired_card,20,4,5,0
159460,card,customer,payment_authentication,incorrect_pin,5,0,5,1
216741,card,unknown,unknown,unknown,19,4,2,0
127279,netbanking,unknown,unknown,unknown,13,4,1,1
285183,wallet,unknown,unknown,unknown,8,3,2,0
493948,wallet,unknown,unknown,unknown,5,4,1,0
304577,card,unknown,unknown,unknown,12,6,3,0
104219,netbanking,gateway,payment_processing,payment_timed_out,0,5,1,1
460835,upi,customer,payment_authentication,incorrect_pin,17,3,5,0
395348,wallet,bank,payment_processing,bank_unavailable,5,6,4,0
220626,netbanking,customer,payment_authorization,insufficient_funds,9,6,2,0
74147,netbanking,customer,payment_authorization,insufficient_funds,4,1,5,0
201927,wallet,gateway,payment_processing,payment_timed_out,11,2,4,0
402372,netbanking,gateway,payment_processing,payment_timed_out,8,5,3,1
288978,upi,customer,payment_authentication,expired_card,4,3,1,1
93678,card,gateway,payment_processing,payment_timed_out,21,0,2,1
80117,upi,customer,payment_authentication,incorrect_pin,18,3,3,0
483612,netbanking,customer,payment_authorization,insufficient_funds,9,2,4,0
224169,upi,unknown,unknown,unknown,1,5,2,1
343308,upi,bank,payment_processing,bank_unavailable,20,3,4,1
180961,netbanking,customer,payment_authentication,expired_card,16,0,2,0
45969,netbanking,bank,payment_processing,bank_unavailable,13,0,2,0
206556,netbanking,customer,payment_authorization,insufficient_funds,14,2,3,0
346896,wallet,gateway,payment_processing,payment_timed_out,0,1,1,1
167336,wallet,gateway,payment_processing,payment_timed_out,11,6,3,0
302207,upi,gateway,payment_processing,payment_timed_out,4,1,2,0
219612,wallet,bank,payment_processing,bank_unavailable,15,4,2,0
169435,netbanking,customer,payment_authentication,expired_card,22,0,4,0
128254,netbanking,unknown,unknown,unknown,12,3,2,0
131107,upi,customer,payment_authentication,expired_card,14,6,4,0
128598,netbanking,bank,payment_processing,bank_unavailable,16,4,4,0
359662,netbanking,customer,payment_authorization,insufficient_funds,22,2,4,0
169329,netbanking,customer,payment_authentication,expired_card,0,5,2,1
370940,upi,bank,payment_processing,bank_unavailable,7,3,5,0
156219,netbanking,customer,payment_authentication,expired_card,6,1,2,0
164276,wallet,customer,payment_authentication,incorrect_pin,17,6,2,0
462194,netbanking,customer,payment_authorization,insufficient_funds,10,6,5,0
438238,upi,gateway,payment_processing,payment_timed_out,18,3,2,0
200951,wallet,bank,payment_processing,bank_unavailable,11,0,4,0
135145,wallet,bank,payment_processing,bank_unavailable,23,2,1,0
358098,upi,customer,payment_authentication,expired_card,18,3,4,0
35862,wallet,bank,payment_processing,bank_unavailable,0,6,5,0
228770,card,gateway,payment_processing,payment_timed_out,23,5,4,1
300334,netbanking,customer,payment_authorization,insufficient_funds,22,1,3,0
338213,card,gateway,payment_processing,payment_timed_out,1,3,5,0
54428,wallet,customer,payment_authorization,insufficient_funds,9,1,2,1
2495,wallet,bank,payment_processing,bank_unavailable,23,3,2,1
139055,wallet,customer,payment_authentication,expired_card,20,3,1,0
60502,wallet,unknown,unknown,unknown,11,3,4,0
254086,wallet,customer,payment_authorization,insufficient_funds,13,2,4,1
459833,upi,customer,payment_authentication,expired_card,0,3,4,1
143893,card,customer,payment_authentication,incorrect_pin,13,5,4,0
227401,netbanking,customer,payment_authentication,incorrect_pin,15,3,1,0
108283,netbanking,gateway,payment_processing,payment_timed_out,8,0,4,0
22944,upi,gateway,payment_processing,payment_timed_out,7,5,4,1
351890,upi,bank,payment_processing,bank_unavailable,19,4,2,1
128943,netbanking,customer,payment_authentication,expired_card,10,4,3,1
273953,netbanking,bank,payment_processing,bank_unavailable,6,4,5,1
341863,upi,customer,payment_authorization,insufficient_funds,8,1,3,0
420041,upi,bank,payment_processing,bank_unavailable,11,6,4,1
93601,upi,customer,payment_authorization,insufficient_funds,6,6,3,0
291039,netbanking,gateway,payment_processing,payment_timed_out,13,1,4,0
455472,upi,bank,payment_processing,bank_unavailable,20,1,4,1
242240,netbanking,customer,payment_authorization,insufficient_funds,17,1,4,1
21265,card,customer,payment_authentication,expired_card,5,6,4,0
131367,card,gateway,payment_processing,payment_timed_out,11,6,5,0
397577,netbanking,customer,payment_authorization,insufficient_funds,13,1,2,1
396241,netbanking,unknown,unknown,unknown,16,4,5,0
157932,netbanking,bank,payment_processing,bank_unavailable,18,1,4,0
99238,wallet,customer,payment_authentication,expired_card,11,0,3,0
146594,wallet,unknown,unknown,unknown,7,1,2,0
121872,wallet,bank,payment_processing,bank_unavailable,15,0,3,0
370743,netbanking,customer,payment_authorization,insufficient_funds,3,5,4,0
420953,card,gateway,payment_processing,payment_timed_out,16,5,2,1
24253,upi,customer,payment_authentication,incorrect_pin,21,1,2,1
370855,netbanking,bank,payment_processing,bank_unavailable,17,3,5,1
376476,upi,unknown,unknown,unknown,10,1,3,1
306824,wallet,bank,payment_processing,bank_unavailable,19,3,4,0
435776,wallet,gateway,payment_processing,payment_timed_out,12,6,1,1
20421,upi,customer,payment_authentication,expired_card,12,6,1,1
350177,wallet,customer,payment_authorization,insufficient_funds,20,5,5,1
64501,upi,customer,payment_authorization,insufficient_funds,4,1,1,0
448606,netbanking,customer,payment_authentication,expired_card,18,1,4,0
250479,upi,customer,payment_authentication,incorrect_pin,16,1,5,0
46340,card,bank,payment_processing,bank_unavailable,12,0,3,1
373423,netbanking,bank,payment_processing,bank_unavailable,1,4,5,1
374860,netbanking,unknown,unknown,unknown,18,4,3,0
232586,card,customer,payment_authentication,incorrect_pin,5,6,5,1
155901,wallet,unknown,unknown,unknown,21,0,2,0
9629,wallet,bank,payment_processing,bank_unavailable,19,1,3,1
454074,upi,customer,payment_authentication,expired_card,8,5,2,1
92950,netbanking,customer,payment_authentication,expired_card,10,4,4,0
421504,netbanking,customer,payment_authorization,insufficient_funds,0,2,1,0
294795,card,unknown,unknown,unknown,11,1,5,1
342917,netbanking,customer,payment_authorization,insufficient_funds,1,3,1,0
347415,wallet,customer,payment_authentication,incorrect_pin,23,1,2,1
429188,wallet,gateway,payment_processing,payment_timed_out,15,3,3,0
17680,wallet,customer,payment_authentication,expired_card,5,6,1,0
495601,netbanking,unknown,unknown,unknown,19,1,3,0
22622,card,bank,payment_processing,bank_unavailable,0,0,5,0
499533,wallet,customer,payment_authentication,incorrect_pin,13,5,5,1
131394,card,customer,payment_authentication,incorrect_pin,2,0,1,1
423080,netbanking,bank,payment_processing,bank_unavailable,1,6,3,1
42667,card,customer,payment_authorization,insufficient_funds,5,5,3,0
231001,card,unknown,unknown,unknown,7,2,1,0
271431,upi,customer,payment_authentication,incorrect_pin,17,2,4,1
477209,wallet,unknown,unknown,unknown,21,2,3,0
62727,upi,customer,payment_authorization,insufficient_funds,18,2,4,1
19204,upi,customer,payment_authentication,incorrect_pin,17,5,2,1
324462,wallet,customer,payment_authorization,insufficient_funds,13,5,2,0
25572,netbanking,customer,payment_authentication,incorrect_pin,8,1,4,1
388836,card,bank,payment_processing,bank_unavailable,6,1,4,0
20125,netbanking,customer,payment_authorization,insufficient_funds,22,3,1,0
485288,card,customer,payment_authentication,expired_card,12,4,2,0
266822,upi,customer,payment_authentication,expired_card,13,5,3,0
474256,netbanking,customer,payment_authentication,incorrect_pin,0,2,5,1
64196,upi,customer,payment_authentication,incorrect_pin,10,3,2,1
137409,netbanking,customer,payment_authentication,incorrect_pin,16,0,2,0
227987,wallet,customer,payment_authorization,insufficient_funds,11,3,5,0
15675,wallet,customer,payment_authentication,incorrect_pin,14,4,4,1
52361,card,customer,payment_authorization,insufficient_funds,19,2,5,0
165377,wallet,customer,payment_authentication,expired_card,0,2,4,0
368785,netbanking,customer,payment_authorization,insufficient_funds,21,3,5,0
354532,card,customer,payment_authorization,insufficient_funds,19,6,1,1
44317,upi,bank,payment_processing,bank_unavailable,10,4,2,1
30840,card,customer,payment_authentication,expired_card,18,6,2,0
328359,netbanking,customer,payment_authorization,insufficient_funds,1,0,1,1
180496,wallet,customer,payment_authorization,insufficient_funds,7,5,4,0
396270,upi,bank,payment_processing,bank_unavailable,2,0,4,1
149719,netbanking,customer,payment_authentication,incorrect_pin,15,2,1,1
182053,wallet,bank,payment_processing,bank_unavailable,20,2,1,1
110453,wallet,unknown,unknown,unknown,14,1,1,1
133984,card,bank,payment_processing,bank_unavailable,17,6,3,0
353359,upi,customer,payment_authentication,incorrect_pin,3,6,3,0
236146,card,gateway,payment_processing,payment_timed_out,22,3,2,1
329890,wallet,customer,payment_authentication,incorrect_pin,4,3,5,1
40248,wallet,customer,payment_authorization,insufficient_funds,12,5,2,0
268212,netbanking,customer,payment_authentication,incorrect_pin,16,4,3,1
229864,upi,unknown,unknown,unknown,20,3,3,0
455477,upi,unknown,unknown,unknown,22,5,2,0
212317,card,customer,payment_authentication,expired_card,14,1,5,0
52466,netbanking,customer,payment_authentication,expired_card,13,1,5,0
348890,upi,customer,payment_authentication,expired_card,10,0,1,1
75695,netbanking,customer,payment_authentication,expired_card,13,0,3,0
454627,netbanking,customer,payment_authentication,expired_card,16,1,1,0
192341,upi,unknown,unknown,unknown,15,4,3,1
392483,upi,gateway,payment_processing,payment_timed_out,14,5,4,1
328285,card,customer,payment_authentication,incorrect_pin,10,4,3,0
232971,netbanking,bank,payment_processing,bank_unavailable,4,3,2,0
292456,wallet,unknown,unknown,unknown,1,1,2,0
92176,card,bank,payment_processing,bank_unavailable,10,0,2,1
37947,card,customer,payment_authorization,insufficient_funds,9,4,2,1
383382,wallet,unknown,unknown,unknown,14,0,2,0
479254,card,customer,payment_authentication,expired_card,21,5,4,0
431098,card,customer,payment_authentication,expired_card,16,2,1,0
153227,card,bank,payment_processing,bank_unavailable,19,2,1,0
179655,upi,customer,payment_authentication,incorrect_pin,13,0,3,0
180127,card,bank,payment_processing,bank_unavailable,22,1,4,0
351576,netbanking,bank,payment_processing,bank_unavailable,22,0,2,1
312191,wallet,unknown,unknown,unknown,3,5,2,1
398443,netbanking,customer,payment_authorization,insufficient_funds,15,3,4,0
472638,wallet,customer,payment_authentication,incorrect_pin,12,5,2,0
196798,netbanking,bank,payment_processing,bank_unavailable,23,3,4,1
331682,upi,unknown,unknown,unknown,14,6,1,0
250709,card,bank,payment_processing,bank_unavailable,0,5,1,1
477432,wallet,bank,payment_processing,bank_unavailable,5,1,3,0
177650,upi,gateway,payment_processing,payment_timed_out,3,0,2,1
94608,wallet,customer,payment_authentication,expired_card,4,6,4,0
190040,netbanking,customer,payment_authorization,insufficient_funds,2,1,3,0
309786,card,unknown,unknown,unknown,18,5,2,1
476729,wallet,customer,payment_authentication,expired_card,11,4,1,0
414611,wallet,customer,payment_authentication,incorrect_pin,16,4,1,0
10161,upi,bank,payment_processing,bank_unavailable,23,1,4,0
255003,upi,unknown,unknown,unknown,15,2,2,0
80402,netbanking,bank,payment_processing,bank_unavailable,11,3,3,0
181725,wallet,customer,payment_authentication,expired_card,6,0,5,0
472030,upi,customer,payment_authentication,expired_card,18,2,5,0
492395,netbanking,gateway,payment_processing,payment_timed_out,12,3,2,0
77684,upi,unknown,unknown,unknown,18,1,1,0
71352,netbanking,customer,payment_authentication,incorrect_pin,0,2,4,0
348460,netbanking,customer,payment_authentication,expired_card,3,6,4,0
206054,upi,customer,payment_authentication,expired_card,3,2,2,0
216983,netbanking,customer,payment_authentication,incorrect_pin,16,6,3,1
436814,wallet,gateway,payment_processing,payment_timed_out,12,6,1,1
460378,wallet,customer,payment_authentication,incorrect_pin,7,4,4,0
450340,upi,bank,payment_processing,bank_unavailable,7,1,4,0
391708,upi,customer,payment_authorization,insufficient_funds,14,1,2,1
490211,upi,customer,payment_authentication,incorrect_pin,23,6,3,1
360211,card,gateway,payment_processing,payment_timed_out,23,0,2,1
442539,upi,customer,payment_authorization,insufficient_funds,11,3,1,1
270649,wallet,customer,payment_authorization,insufficient_funds,16,4,1,0
26427,wallet,unknown,unknown,unknown,2,5,5,0
408413,wallet,unknown,unknown,unknown,22,6,3,0
464954,upi,customer,payment_authentication,incorrect_pin,0,1,1,0
156845,upi,customer,payment_authorization,insufficient_funds,8,3,1,1
214655,wallet,gateway,payment_processing,payment_timed_out,17,4,2,1
286485,card,gateway,payment_processing,payment_timed_out,23,6,5,0
326158,netbanking,unknown,unknown,unknown,4,3,2,0
337701,wallet,customer,payment_authentication,expired_card,15,0,5,0
197744,upi,customer,payment_authentication,incorrect_pin,4,6,3,1
427353,upi,unknown,unknown,unknown,1,3,4,1
407021,upi,customer,payment_authentication,incorrect_pin,10,1,4,1
471192,upi,customer,payment_authentication,incorrect_pin,13,1,1,1
288384,upi,gateway,payment_processing,payment_timed_out,6,1,1,1
39651,wallet,customer,payment_authentication,expired_card,23,5,5,1
422927,netbanking,customer,payment_authentication,incorrect_pin,14,6,5,0
40666,wallet,customer,payment_authorization,insufficient_funds,10,3,1,0
97692,wallet,customer,payment_authentication,expired_card,11,0,4,0
143302,wallet,customer,payment_authorization,insufficient_funds,11,6,5,0
93306,upi,gateway,payment_processing,payment_timed_out,2,4,5,0
362147,card,bank,payment_processing,bank_unavailable,14,3,2,0
220748,wallet,customer,payment_authentication,expired_card,18,0,5,0
110444,upi,bank,payment_processing,bank_unavailable,10,6,4,1
3371,upi,bank,payment_processing,bank_unavailable,10,0,5,0
108979,netbanking,bank,payment_processing,bank_unavailable,21,4,1,0
346734,wallet,gateway,payment_processing,payment_timed_out,14,4,4,1
397353,wallet,customer,payment_authentication,expired_card,7,3,1,0
148731,wallet,customer,payment_authentication,expired_card,0,3,2,1
37548,upi,customer,payment_authentication,expired_card,19,2,1,0
279092,wallet,customer,payment_authorization,insufficient_funds,15,4,3,1
391666,wallet,unknown,unknown,unknown,15,2,5,0
35931,netbanking,customer,payment_authentication,expired_card,6,3,4,0
397976,wallet,gateway,payment_processing,payment_timed_out,4,4,2,0
86151,wallet,unknown,unknown,unknown,11,5,3,0
129695,card,unknown,unknown,unknown,18,1,2,0
311807,upi,gateway,payment_processing,payment_timed_out,7,6,4,1
26635,card,gateway,payment_processing,payment_timed_out,12,0,2,0
153525,upi,bank,payment_processing,bank_unavailable,23,1,1,0
70304,upi,gateway,payment_processing,payment_timed_out,5,2,3,0
108146,upi,customer,payment_authorization,insufficient_funds,5,2,5,0
386927,netbanking,gateway,payment_processing,payment_timed_out,5,2,3,1
115194,netbanking,customer,payment_authentication,incorrect_pin,21,2,2,1
22706,netbanking,unknown,unknown,unknown,12,3,1,1
108195,netbanking,customer,payment_authorization,insufficient_funds,22,5,5,1
44290,netbanking,customer,payment_authentication,expired_card,22,5,4,0
311803,netbanking,customer,payment_authentication,incorrect_pin,10,2,1,0
486448,upi,customer,payment_authentication,incorrect_pin,1,1,1,1
84678,wallet,unknown,unknown,unknown,7,4,1,0
364701,card,unknown,unknown,unknown,13,0,2,0
181990,upi,customer,payment_authorization,insufficient_funds,9,3,5,1
36840,wallet,customer,payment_authentication,incorrect_pin,0,1,1,1
344256,netbanking,gateway,payment_processing,payment_timed_out,23,4,5,0
105740,upi,unknown,unknown,unknown,7,0,1,1
257322,upi,customer,payment_authorization,insufficient_funds,14,5,4,0
254046,upi,customer,payment_authentication,expired_card,22,1,2,1
299043,card,customer,payment_authorization,insufficient_funds,13,3,5,0
68337,upi,gateway,payment_processing,payment_timed_out,16,4,3,0
126202,netbanking,bank,payment_processing,bank_unavailable,0,3,2,0
368936,netbanking,customer,payment_authentication,incorrect_pin,16,3,2,1
466425,wallet,customer,payment_authorization,insufficient_funds,20,1,5,0
6850,netbanking,customer,payment_authentication,expired_card,22,5,3,0
207526,netbanking,gateway,payment_processing,payment_timed_out,2,3,2,1
440816,netbanking,customer,payment_authentication,incorrect_pin,5,1,4,1
144195,upi,unknown,unknown,unknown,1,1,3,0
224360,upi,customer,payment_authentication,expired_card,22,3,4,0
452259,netbanking,unknown,unknown,unknown,6,5,3,0
484514,upi,unknown,unknown,unknown,12,6,1,0
327990,upi,customer,payment_authentication,incorrect_pin,11,2,1,1
347375,upi,customer,payment_authentication,incorrect_pin,16,2,1,0
307359,wallet,gateway,payment_processing,payment_timed_out,21,0,3,1
142530,card,customer,payment_authorization,insufficient_funds,7,3,3,1
443481,netbanking,customer,payment_authentication,incorrect_pin,18,1,4,1
18002,card,bank,payment_processing,bank_unavailable,6,5,5,0
30211,upi,unknown,unknown,unknown,4,3,1,0
301297,card,gateway,payment_processing,payment_timed_out,2,1,5,0
419002,upi,customer,payment_authentication,expired_card,8,6,5,0
407305,wallet,customer,payment_authorization,insufficient_funds,13,5,4,1
339254,upi,bank,payment_processing,bank_unavailable,18,2,3,0
188771,card,gateway,payment_processing,payment_timed_out,20,0,1,0
180636,wallet,customer,payment_authentication,incorrect_pin,12,1,1,1
213401,netbanking,customer,payment_authentication,expired_card,9,2,1,1
128919,card,customer,payment_authentication,incorrect_pin,4,2,4,1
210151,netbanking,customer,payment_authorization,insufficient_funds,21,5,3,1
53298,wallet,customer,payment_authorization,insufficient_funds,9,6,1,0
160615,card,gateway,payment_processing,payment_timed_out,18,5,1,0
470596,netbanking,unknown,unknown,unknown,15,5,1,1
353759,wallet,customer,payment_authentication,incorrect_pin,22,0,4,1
71814,netbanking,gateway,payment_processing,payment_timed_out,23,1,4,1
143851,card,customer,payment_authentication,expired_card,16,6,4,0
130460,upi,unknown,unknown,unknown,15,4,1,0
141554,upi,unknown,unknown,unknown,3,1,1,0
345863,wallet,customer,payment_authentication,incorrect_pin,0,5,1,0
447610,netbanking,gateway,payment_processing,payment_timed_out,13,1,4,1
355366,card,customer,payment_authentication,expired_card,16,5,4,0
244725,card,customer,payment_authentication,incorrect_pin,17,6,2,1
81223,netbanking,customer,payment_authorization,insufficient_funds,6,3,1,0
72301,netbanking,unknown,unknown,unknown,12,4,2,0
407252,netbanking,customer,payment_authentication,expired_card,20,5,5,0
339135,card,bank,payment_processing,bank_unavailable,2,6,1,1
255633,netbanking,customer,payment_authorization,insufficient_funds,9,4,4,1
289019,card,unknown,unknown,unknown,22,2,3,0
424380,wallet,customer,payment_authorization,insufficient_funds,4,1,1,0
407094,upi,customer,payment_authentication,incorrect_pin,7,2,5,0
44555,upi,customer,payment_authentication,expired_card,11,0,3,0
198158,card,unknown,unknown,unknown,16,4,4,0
22372,netbanking,customer,payment_authorization,insufficient_funds,6,2,1,0
193013,netbanking,customer,payment_authorization,insufficient_funds,19,4,2,0
318858,card,bank,payment_processing,bank_unavailable,5,0,4,1
104993,wallet,customer,payment_authorization,insufficient_funds,8,2,4,0
75862,card,customer,payment_authentication,expired_card,13,2,1,0
245975,upi,customer,payment_authorization,insufficient_funds,0,0,4,0
262950,upi,customer,payment_authentication,incorrect_pin,18,5,5,1
357337,wallet,customer,payment_authorization,insufficient_funds,16,4,4,0
8040,upi,unknown,unknown,unknown,20,5,2,0
124743,wallet,unknown,unknown,unknown,6,5,5,0
390185,card,customer,payment_authentication,expired_card,9,0,4,0
341308,upi,bank,payment_processing,bank_unavailable,21,6,1,1
449866,card,gateway,payment_processing,payment_timed_out,1,0,1,0
407571,netbanking,customer,payment_authorization,insufficient_funds,11,6,5,0
419603,card,customer,payment_authentication,expired_card,11,4,2,0
255812,wallet,gateway,payment_processing,payment_timed_out,10,5,1,0
479219,netbanking,gateway,payment_processing,payment_timed_out,10,3,3,1
208555,card,customer,payment_authorization,insufficient_funds,17,1,3,0
451645,netbanking,gateway,payment_processing,payment_timed_out,4,1,3,1
196532,wallet,customer,payment_authentication,expired_card,21,0,4,0
222565,card,unknown,unknown,unknown,21,5,5,0
343141,upi,customer,payment_authorization,insufficient_funds,4,3,4,1
199776,card,customer,payment_authentication,expired_card,23,1,1,0
74403,wallet,gateway,payment_processing,payment_timed_out,6,0,1,1
448196,upi,customer,payment_authorization,insufficient_funds,1,0,1,1
227010,wallet,gateway,payment_processing,payment_timed_out,9,1,2,0
463543,netbanking,customer,payment_authentication,incorrect_pin,19,5,2,0
200159,netbanking,gateway,payment_processing,payment_timed_out,20,6,5,0
486446,card,customer,payment_authentication,expired_card,15,4,2,0
301849,wallet,customer,payment_authorization,insufficient_funds,19,6,1,0
384391,upi,customer,payment_authentication,incorrect_pin,6,2,5,0
378012,card,gateway,payment_processing,payment_timed_out,21,2,2,0
101792,card,customer,payment_authorization,insufficient_funds,15,4,5,0
407928,card,bank,payment_processing,bank_unavailable,3,0,4,1
472533,card,customer,payment_authentication,incorrect_pin,3,6,5,1
330905,upi,unknown,unknown,unknown,6,5,5,0
473624,upi,customer,payment_authentication,expired_card,1,0,1,0
423198,upi,unknown,unknown,unknown,6,1,4,0
333400,netbanking,customer,payment_authentication,incorrect_pin,23,4,3,0
239126,card,customer,payment_authorization,insufficient_funds,5,5,4,0
428783,netbanking,customer,payment_authentication,expired_card,15,1,4,1
93563,netbanking,customer,payment_authentication,expired_card,23,5,3,0
281027,netbanking,gateway,payment_processing,payment_timed_out,6,3,2,0
408048,netbanking,unknown,unknown,unknown,16,4,5,0
472120,netbanking,gateway,payment_processing,payment_timed_out,10,2,4,0
134292,netbanking,customer,payment_authentication,incorrect_pin,6,3,5,1
47874,netbanking,customer,payment_authorization,insufficient_funds,22,2,2,0
167347,netbanking,unknown,unknown,unknown,15,1,5,0
432118,card,customer,payment_authentication,expired_card,10,1,2,0
262391,upi,unknown,unknown,unknown,19,1,3,0
28696,wallet,customer,payment_authentication,expired_card,21,5,5,0
60562,card,customer,payment_authentication,incorrect_pin,18,2,2,1
170214,netbanking,bank,payment_processing,bank_unavailable,20,2,2,0
172024,upi,gateway,payment_processing,payment_timed_out,7,5,5,0
68527,card,customer,payment_authentication,expired_card,8,6,5,0
247578,netbanking,customer,payment_authentication,incorrect_pin,5,1,2,1
240088,netbanking,customer,payment_authorization,insufficient_funds,16,2,2,0
100454,netbanking,unknown,unknown,unknown,19,2,2,1
116891,card,unknown,unknown,unknown,15,5,1,0
332548,wallet,gateway,payment_processing,payment_timed_out,14,4,3,1
476085,netbanking,customer,payment_authentication,incorrect_pin,18,3,2,1
498253,wallet,customer,payment_authentication,expired_card,4,1,5,0
280101,netbanking,gateway,payment_processing,payment_timed_out,8,2,1,0
20210,netbanking,customer,payment_authentication,expired_card,16,0,4,0
448968,wallet,customer,payment_authentication,expired_card,1,4,3,0
475311,upi,bank,payment_processing,bank_unavailable,21,6,4,0
139751,wallet,customer,payment_authorization,insufficient_funds,4,5,1,1
200779,wallet,customer,payment_authorization,insufficient_funds,18,2,3,1
13962,netbanking,gateway,payment_processing,payment_timed_out,14,3,4,0
400801,netbanking,customer,payment_authentication,incorrect_pin,20,6,2,1
388052,netbanking,customer,payment_authentication,incorrect_pin,18,2,5,0
11293,card,bank,payment_processing,bank_unavailable,12,5,3,0
351487,wallet,gateway,payment_processing,payment_timed_out,18,4,2,0
206529,upi,customer,payment_authentication,expired_card,8,3,1,1
273200,card,customer,payment_authentication,expired_card,14,4,1,0
109949,netbanking,customer,payment_authentication,expired_card,21,1,3,0
407856,wallet,customer,payment_authentication,incorrect_pin,2,2,3,1
202799,card,customer,payment_authorization,insufficient_funds,8,2,5,0
420202,card,customer,payment_authentication,incorrect_pin,0,5,4,0
74987,upi,gateway,payment_processing,payment_timed_out,12,4,1,0
294364,upi,gateway,payment_processing,payment_timed_out,18,2,3,1
155767,upi,customer,payment_authorization,insufficient_funds,0,5,3,0
482998,upi,customer,payment_authorization,insufficient_funds,13,3,1,1
278886,wallet,customer,payment_authorization,insufficient_funds,9,6,4,1
360136,wallet,unknown,unknown,unknown,18,4,3,0
44008,wallet,bank,payment_processing,bank_unavailable,5,6,1,0
338761,upi,gateway,payment_processing,payment_timed_out,3,6,3,1
51438,upi,bank,payment_processing,bank_unavailable,2,2,4,1
181349,card,gateway,payment_processing,payment_timed_out,9,1,2,1
112016,netbanking,customer,payment_authentication,expired_card,11,5,2,0
2127,card,customer,payment_authorization,insufficient_funds,22,1,1,0
293558,card,unknown,unknown,unknown,11,5,2,1
121230,upi,gateway,payment_processing,payment_timed_out,4,1,5,1
256778,netbanking,gateway,payment_processing,payment_timed_out,16,6,4,0
382197,card,unknown,unknown,unknown,1,4,1,0
89900,upi,customer,payment_authorization,insufficient_funds,8,3,3,0
355226,netbanking,customer,payment_authentication,incorrect_pin,15,3,1,0
149218,wallet,customer,payment_authentication,expired_card,6,4,3,0
166180,upi,customer,payment_authorization,insufficient_funds,14,2,1,0
288921,card,bank,payment_processing,bank_unavailable,10,2,4,0
313166,wallet,customer,payment_authorization,insufficient_funds,22,1,3,0
328043,netbanking,bank,payment_processing,bank_unavailable,6,1,4,1
98448,wallet,bank,payment_processing,bank_unavailable,21,6,3,0
290227,card,bank,payment_processing,bank_unavailable,15,5,2,1
132550,card,gateway,payment_processing,payment_timed_out,17,3,2,0
139183,netbanking,customer,payment_authentication,expired_card,4,5,2,1
473757,upi,bank,payment_processing,bank_unavailable,0,4,3,0
51359,upi,customer,payment_authentication,incorrect_pin,17,4,3,1
207177,netbanking,customer,payment_authentication,expired_card,11,0,4,0
220209,netbanking,customer,payment_authorization,insufficient_funds,7,3,1,1
123249,upi,customer,payment_authorization,insufficient_funds,21,0,2,1
392897,netbanking,bank,payment_processing,bank_unavailable,7,4,5,1
244067,card,customer,payment_authentication,incorrect_pin,10,0,5,1
359984,netbanking,bank,payment_processing,bank_unavailable,17,3,5,1
194121,wallet,customer,payment_authorization,insufficient_funds,23,2,2,1
448490,upi,unknown,unknown,unknown,21,0,1,0
365035,wallet,unknown,unknown,unknown,15,3,1,1
167261,card,customer,payment_authentication,incorrect_pin,2,1,1,0
481096,wallet,customer,payment_authentication,expired_card,2,1,5,0
432664,card,customer,payment_authentication,expired_card,16,6,5,0
296277,card,bank,payment_processing,bank_unavailable,12,2,5,0
9208,wallet,bank,payment_processing,bank_unavailable,3,2,4,0
295983,netbanking,gateway,payment_processing,payment_timed_out,16,0,2,0
345732,upi,bank,payment_processing,bank_unavailable,22,2,3,0
183052,netbanking,customer,payment_authentication,incorrect_pin,1,2,5,1
72803,wallet,bank,payment_processing,bank_unavailable,19,5,5,0
282751,card,customer,payment_authorization,insufficient_funds,8,0,3,1
400955,wallet,bank,payment_processing,bank_unavailable,9,6,5,0
160345,netbanking,customer,payment_authorization,insufficient_funds,17,0,2,1
228699,card,customer,payment_authentication,incorrect_pin,5,4,3,1
1544,upi,unknown,unknown,unknown,3,0,5,0
352224,netbanking,customer,payment_authentication,incorrect_pin,23,5,2,1
433182,upi,gateway,payment_processing,payment_timed_out,8,4,4,0
388400,wallet,gateway,payment_processing,payment_timed_out,4,5,3,0
215293,netbanking,customer,payment_authentication,expired_card,16,6,2,0
23505,card,unknown,unknown,unknown,5,5,2,0
246552,upi,customer,payment_authentication,incorrect_pin,18,4,4,1
470272,netbanking,customer,payment_authorization,insufficient_funds,1,5,3,0
42667,upi,customer,payment_authorization,insufficient_funds,12,0,2,0
107750,card,customer,payment_authentication,expired_card,9,4,4,0
418718,wallet,customer,payment_authentication,expired_card,22,6,1,0
284533,wallet,unknown,unknown,unknown,12,2,1,0
85998,wallet,bank,payment_processing,bank_unavailable,22,6,5,1
13105,wallet,customer,payment_authorization,insufficient_funds,5,3,4,0
205900,netbanking,unknown,unknown,unknown,11,3,3,1
297865,upi,gateway,payment_processing,payment_timed_out,19,2,1,0
420293,wallet,gateway,payment_processing,payment_timed_out,3,0,3,0
442011,wallet,bank,payment_processing,bank_unavailable,22,6,3,0
229434,wallet,bank,payment_processing,bank_unavailable,18,5,3,0
211819,netbanking,bank,payment_processing,bank_unavailable,16,2,1,0
465645,upi,gateway,payment_processing,payment_timed_out,5,6,3,0
388665,netbanking,customer,payment_authorization,insufficient_funds,19,1,3,0
105448,card,unknown,unknown,unknown,20,5,2,1
340955,wallet,customer,payment_authorization,insufficient_funds,7,3,1,0
357901,card,bank,payment_processing,bank_unavailable,14,4,5,0
117718,card,customer,payment_authorization,insufficient_funds,1,0,4,1
489022,upi,customer,payment_authentication,expired_card,9,4,4,0
149125,wallet,gateway,payment_processing,payment_timed_out,3,4,4,0
275257,wallet,unknown,unknown,unknown,13,6,4,0
247370,upi,gateway,payment_processing,payment_timed_out,13,2,1,1
346400,card,customer,payment_authorization,insufficient_funds,12,0,3,1
450927,card,customer,payment_authorization,insufficient_funds,16,0,5,0
197220,card,unknown,unknown,unknown,22,1,2,0
192881,wallet,bank,payment_processing,bank_unavailable,4,2,5,0
375918,upi,customer,payment_authentication,incorrect_pin,5,5,1,1
476184,card,gateway,payment_processing,payment_timed_out,5,1,2,1
454529,upi,customer,payment_authentication,expired_card,22,1,2,0
376627,upi,customer,payment_authentication,incorrect_pin,2,0,4,1
351825,wallet,gateway,payment_processing,payment_timed_out,0,2,1,1
384596,wallet,customer,payment_authentication,expired_card,3,4,2,1
468029,upi,customer,payment_authentication,expired_card,18,1,4,1
6309,netbanking,unknown,unknown,unknown,13,3,2,1
294738,upi,bank,payment_processing,bank_unavailable,22,1,5,0
17982,upi,bank,payment_processing,bank_unavailable,4,5,5,1
288992,card,customer,payment_authentication,expired_card,9,0,2,1
197966,upi,customer,payment_authorization,insufficient_funds,13,1,3,0
153009,card,customer,payment_authentication,incorrect_pin,1,3,2,1
445604,wallet,unknown,unknown,unknown,22,5,2,0
355104,netbanking,customer,payment_authorization,insufficient_funds,19,2,4,1
284141,netbanking,customer,payment_authentication,expired_card,3,0,2,1
441095,card,customer,payment_authorization,insufficient_funds,20,3,1,1
49852,upi,customer,payment_authorization,insufficient_funds,10,1,2,0
323512,upi,customer,payment_authentication,expired_card,8,2,5,1
78965,card,gateway,payment_processing,payment_timed_out,22,6,2,0
117286,upi,bank,payment_processing,bank_unavailable,12,6,2,1
93393,wallet,customer,payment_authentication,incorrect_pin,5,1,4,0
272510,wallet,customer,payment_authorization,insufficient_funds,19,4,1,1
314893,wallet,customer,payment_authentication,incorrect_pin,17,3,2,0
378213,netbanking,unknown,unknown,unknown,4,6,1,0
220871,netbanking,customer,payment_authorization,insufficient_funds,16,6,5,0
469743,netbanking,bank,payment_processing,bank_unavailable,15,2,5,0
187414,card,customer,payment_authentication,incorrect_pin,6,0,4,1
79141,netbanking,bank,payment_processing,bank_unavailable,10,0,2,0
19220,wallet,unknown,unknown,unknown,20,0,4,0
64621,wallet,bank,payment_processing,bank_unavailable,4,5,4,0
223114,netbanking,customer,payment_authentication,expired_card,17,5,5,0
207059,upi,customer,payment_authorization,insufficient_funds,19,5,1,1
427260,netbanking,customer,payment_authentication,incorrect_pin,22,0,4,0
63680,card,gateway,payment_processing,payment_timed_out,7,0,1,0
131902,netbanking,customer,payment_authentication,incorrect_pin,6,1,3,1
490235,netbanking,bank,payment_processing,bank_unavailable,22,4,5,1
15253,wallet,customer,payment_authorization,insufficient_funds,11,0,1,0
212728,card,customer,payment_authentication,incorrect_pin,13,4,1,1
99920,wallet,customer,payment_authentication,expired_card,12,6,5,0
267272,wallet,unknown,unknown,unknown,12,1,1,1
486854,card,customer,payment_authentication,incorrect_pin,14,5,4,0
114317,card,gateway,payment_processing,payment_timed_out,10,3,3,0
185813,netbanking,customer,payment_authentication,expired_card,9,6,2,0
225114,wallet,gateway,payment_processing,payment_timed_out,9,1,5,0
399449,netbanking,customer,payment_authentication,incorrect_pin,15,1,5,1
492363,wallet,unknown,unknown,unknown,19,0,2,0
49171,card,customer,payment_authentication,incorrect_pin,13,4,1,1
244855,netbanking,unknown,unknown,unknown,16,6,1,0
376547,card,customer,payment_authentication,expired_card,9,0,1,0
5403,wallet,bank,payment_processing,bank_unavailable,18,3,5,0
403249,card,customer,payment_authentication,incorrect_pin,9,5,3,1
122021,netbanking,customer,payment_authentication,expired_card,10,5,4,0
259681,upi,customer,payment_authentication,incorrect_pin,1,6,2,1
489249,wallet,customer,payment_authentication,expired_card,6,5,5,0
317934,card,gateway,payment_processing,payment_timed_out,17,6,4,1
494545,card,customer,payment_authorization,insufficient_funds,2,6,4,1
302131,netbanking,customer,payment_authorization,insufficient_funds,5,6,3,0
106036,card,customer,payment_authorization,insufficient_funds,18,3,4,0
346619,wallet,customer,payment_authorization,insufficient_funds,20,2,3,0
308017,netbanking,customer,payment_authentication,incorrect_pin,9,2,2,1
156046,netbanking,customer,payment_authorization,insufficient_funds,9,6,3,0
39377,upi,customer,payment_authentication,expired_card,12,1,2,0
324456,upi,customer,payment_authorization,insufficient_funds,18,5,5,0
289143,card,gateway,payment_processing,payment_timed_out,11,4,4,1
387040,wallet,gateway,payment_processing,payment_timed_out,4,0,4,0
63834,wallet,gateway,payment_processing,payment_timed_out,10,3,4,1
269835,netbanking,customer,payment_authentication,expired_card,6,1,3,0
409512,netbanking,customer,payment_authorization,insufficient_funds,16,5,5,0
445732,card,unknown,unknown,unknown,3,3,2,0
469848,upi,customer,payment_authorization,insufficient_funds,14,2,3,0
106767,upi,bank,payment_processing,bank_unavailable,3,0,1,0
87320,card,bank,payment_processing,bank_unavailable,23,0,2,0
288428,card,gateway,payment_processing,payment_timed_out,15,5,3,1
231893,upi,customer,payment_authentication,expired_card,3,6,3,0
117931,card,gateway,payment_processing,payment_timed_out,23,2,5,0
51919,upi,unknown,unknown,unknown,13,5,4,1
72674,netbanking,bank,payment_processing,bank_unavailable,14,3,3,1
170231,wallet,unknown,unknown,unknown,1,2,3,0
370006,netbanking,customer,payment_authorization,insufficient_funds,4,3,4,0
33483,card,unknown,unknown,unknown,19,4,4,0
53493,card,customer,payment_authorization,insufficient_funds,11,6,2,0
133008,card,unknown,unknown,unknown,14,3,3,0
436997,upi,bank,payment_processing,bank_unavailable,23,2,3,0
495122,netbanking,unknown,unknown,unknown,10,5,1,1
220643,netbanking,customer,payment_authentication,incorrect_pin,9,3,5,0
23257,upi,bank,payment_processing,bank_unavailable,19,2,3,1
6957,card,unknown,unknown,unknown,1,3,2,0
429626,card,customer,payment_authentication,incorrect_pin,10,3,4,1
222944,upi,customer,payment_authorization,insufficient_funds,20,0,4,1
39648,netbanking,customer,payment_authentication,incorrect_pin,5,0,5,0
416880,netbanking,customer,payment_authorization,insufficient_funds,7,4,1,0
264969,netbanking,bank,payment_processing,bank_unavailable,11,1,3,1
175529,netbanking,customer,payment_authentication,expired_card,1,3,1,0
226608,wallet,customer,payment_authorization,insufficient_funds,1,5,3,0
113309,wallet,customer,payment_authentication,incorrect_pin,6,1,3,1
465846,netbanking,customer,payment_authorization,insufficient_funds,21,2,3,0
394094,wallet,unknown,unknown,unknown,5,6,5,0
100326,card,unknown,unknown,unknown,17,0,3,0
367716,wallet,customer,payment_authorization,insufficient_funds,10,5,3,0
90661,wallet,customer,payment_authorization,insufficient_funds,18,1,1,1
227190,netbanking,customer,payment_authentication,incorrect_pin,7,6,2,1
374609,wallet,unknown,unknown,unknown,20,2,5,0
19149,netbanking,gateway,payment_processing,payment_timed_out,8,0,3,1
363134,netbanking,gateway,payment_processing,payment_timed_out,18,5,5,0
113748,card,customer,payment_authorization,insufficient_funds,19,1,3,0
349892,wallet,customer,payment_authentication,expired_card,10,2,3,0
250085,netbanking,customer,payment_authentication,incorrect_pin,16,3,3,0
14037,wallet,gateway,payment_processing,payment_timed_out,2,5,3,0
381182,card,customer,payment_authentication,expired_card,11,2,1,0
130720,wallet,customer,payment_authorization,insufficient_funds,8,6,1,0
476208,upi,gateway,payment_processing,payment_timed_out,22,3,3,1
420108,upi,customer,payment_authentication,expired_card,22,2,3,0
97224,netbanking,bank,payment_processing,bank_unavailable,18,2,3,1
300828,netbanking,customer,payment_authorization,insufficient_funds,22,5,3,0
181654,wallet,customer,payment_authentication,incorrect_pin,23,4,2,1
301495,card,unknown,unknown,unknown,18,0,4,0
278945,netbanking,customer,payment_authorization,insufficient_funds,14,5,4,0
148662,netbanking,customer,payment_authorization,insufficient_funds,4,2,1,0
326050,wallet,gateway,payment_processing,payment_timed_out,19,2,3,0
130826,netbanking,customer,payment_authorization,insufficient_funds,4,0,4,1
453766,card,bank,payment_processing,bank_unavailable,4,6,4,0
473331,wallet,gateway,payment_processing,payment_timed_out,21,0,2,0
83787,upi,customer,payment_authentication,expired_card,2,6,5,1
364150,wallet,customer,payment_authentication,expired_card,3,0,4,1
464759,upi,customer,payment_authentication,incorrect_pin,12,3,3,1
64306,card,bank,payment_processing,bank_unavailable,14,0,4,1
370076,wallet,bank,payment_processing,bank_unavailable,1,3,5,0
468916,netbanking,customer,payment_authentication,expired_card,9,5,2,1
113325,wallet,customer,payment_authentication,incorrect_pin,5,4,1,1
291603,netbanking,customer,payment_authentication,incorrect_pin,7,3,3,1
399125,netbanking,gateway,payment_processing,payment_timed_out,4,0,1,1
167348,card,gateway,payment_processing,payment_timed_out,16,6,5,0
119672,upi,gateway,payment_processing,payment_timed_out,11,2,5,1
199172,upi,customer,payment_authorization,insufficient_funds,23,3,4,0
168359,card,unknown,unknown,unknown,0,6,5,0
362977,upi,customer,payment_authorization,insufficient_funds,18,4,1,1
186093,netbanking,customer,payment_authentication,expired_card,21,5,4,0
188760,wallet,customer,payment_authentication,incorrect_pin,11,1,3,0
472309,wallet,unknown,unknown,unknown,16,3,2,1
289794,card,customer,payment_authorization,insufficient_funds,10,3,2,0
464752,wallet,gateway,payment_processing,payment_timed_out,14,1,3,0
355539,wallet,customer,payment_authorization,insufficient_funds,21,2,4,0
442718,wallet,gateway,payment_processing,payment_timed_out,12,5,1,1
98492,card,bank,payment_processing,bank_unavailable,13,6,4,0
469154,card,customer,payment_authentication,incorrect_pin,23,5,5,1
472177,wallet,customer,payment_authorization,insufficient_funds,11,6,1,1
21343,upi,gateway,payment_processing,payment_timed_out,4,6,5,0
178730,card,customer,payment_authorization,insufficient_funds,16,1,4,0
207232,upi,customer,payment_authorization,insufficient_funds,16,5,2,0
210268,wallet,customer,payment_authentication,expired_card,5,4,4,0
389423,netbanking,customer,payment_authorization,insufficient_funds,17,6,4,0
349559,upi,customer,payment_authentication,incorrect_pin,1,4,4,1
107229,upi,customer,payment_authentication,expired_card,7,0,1,0
304784,netbanking,gateway,payment_processing,payment_timed_out,20,3,1,0
487340,netbanking,gateway,payment_processing,payment_timed_out,14,5,4,1
220620,wallet,unknown,unknown,unknown,14,0,2,1
464179,card,customer,payment_authentication,incorrect_pin,14,3,2,1
325221,wallet,bank,payment_processing,bank_unavailable,3,4,3,1
462556,card,customer,payment_authorization,insufficient_funds,23,3,4,1
451512,wallet,unknown,unknown,unknown,7,5,1,0
9320,upi,customer,payment_authentication,expired_card,18,0,5,1
400342,upi,customer,payment_authentication,incorrect_pin,23,2,3,1
95356,upi,gateway,payment_processing,payment_timed_out,5,6,1,0
412306,card,customer,payment_authentication,incorrect_pin,15,3,1,1
404200,wallet,customer,payment_authorization,insufficient_funds,1,1,5,0
129946,upi,gateway,payment_processing,payment_timed_out,15,0,1,0
34042,card,customer,payment_authentication,expired_card,10,4,3,1
210282,upi,gateway,payment_processing,payment_timed_out,1,6,4,1
152185,wallet,customer,payment_authentication,expired_card,16,0,3,0
277356,netbanking,unknown,unknown,unknown,23,0,2,0
41927,wallet,customer,payment_authentication,expired_card,1,2,1,0
23051,netbanking,customer,payment_authentication,incorrect_pin,21,1,4,1
219134,netbanking,customer,payment_authentication,incorrect_pin,20,0,3,1
385127,wallet,gateway,payment_processing,payment_timed_out,13,2,1,1
158172,upi,customer,payment_authentication,incorrect_pin,21,4,1,1
162408,wallet,bank,payment_processing,bank_unavailable,7,5,3,0
82846,netbanking,customer,payment_authentication,incorrect_pin,17,2,1,0
142015,netbanking,customer,payment_authorization,insufficient_funds,16,4,2,1
150088,card,customer,payment_authentication,expired_card,13,5,1,0
130386,wallet,customer,payment_authorization,insufficient_funds,20,0,4,0
172496,card,bank,payment_processing,bank_unavailable,21,5,4,1
142406,upi,unknown,unknown,unknown,18,1,4,0
340729,wallet,customer,payment_authentication,incorrect_pin,14,4,1,1
169669,upi,customer,payment_authentication,incorrect_pin,23,5,2,1
377624,upi,customer,payment_authorization,insufficient_funds,13,5,2,0
302808,netbanking,gateway,payment_processing,payment_timed_out,15,2,4,0
320602,upi,bank,payment_processing,bank_unavailable,4,4,5,0
292199,wallet,customer,payment_authentication,expired_card,7,0,2,0
461510,card,customer,payment_authentication,incorrect_pin,21,3,4,1
128600,upi,gateway,payment_processing,payment_timed_out,11,6,3,1
491211,wallet,customer,payment_authentication,incorrect_pin,12,1,5,1
104005,netbanking,gateway,payment_processing,payment_timed_out,19,1,1,0
69976,card,customer,payment_authentication,incorrect_pin,7,4,5,1
413353,netbanking,unknown,unknown,unknown,6,3,3,1
448084,netbanking,customer,payment_authorization,insufficient_funds,0,3,2,0
47269,upi,customer,payment_authorization,insufficient_funds,5,1,1,0
300293,wallet,bank,payment_processing,bank_unavailable,12,1,5,0
256899,card,customer,payment_authentication,incorrect_pin,17,5,5,0
110835,netbanking,customer,payment_authentication,incorrect_pin,7,2,1,1
260760,wallet,customer,payment_authentication,expired_card,10,5,3,0
343207,netbanking,customer,payment_authorization,insufficient_funds,5,3,4,1
287494,netbanking,bank,payment_processing,bank_unavailable,19,2,3,1
260359,card,gateway,payment_processing,payment_timed_out,12,1,1,1
442940,upi,customer,payment_authentication,incorrect_pin,3,4,2,1
113539,card,bank,payment_processing,bank_unavailable,14,1,2,0
312333,wallet,customer,payment_authorization,insufficient_funds,8,6,2,1
158968,netbanking,bank,payment_processing,bank_unavailable,20,2,5,1
486844,card,customer,payment_authorization,insufficient_funds,6,5,2,1
126522,wallet,customer,payment_authentication,incorrect_pin,20,3,4,0
435806,wallet,customer,payment_authentication,incorrect_pin,16,2,5,0
316432,wallet,unknown,unknown,unknown,3,3,4,0
108155,card,customer,payment_authentication,incorrect_pin,18,3,4,0
379587,netbanking,gateway,payment_processing,payment_timed_out,17,3,1,1
121350,netbanking,unknown,unknown,unknown,10,6,1,0
131896,card,bank,payment_processing,bank_unavailable,3,4,4,0
173042,card,customer,payment_authorization,insufficient_funds,11,0,4,0
341185,upi,gateway,payment_processing,payment_timed_out,14,0,4,1
196366,card,unknown,unknown,unknown,3,0,3,0
285000,netbanking,customer,payment_authentication,incorrect_pin,8,4,3,1
276945,wallet,unknown,unknown,unknown,16,1,1,0
99118,wallet,unknown,unknown,unknown,13,2,2,0
117024,upi,customer,payment_authentication,incorrect_pin,23,5,3,1
154103,netbanking,customer,payment_authentication,incorrect_pin,5,0,1,1
111950,upi,gateway,payment_processing,payment_timed_out,18,1,1,0
459450,netbanking,customer,payment_authentication,incorrect_pin,10,0,1,1
191313,card,customer,payment_authentication,expired_card,5,1,2,0
203033,card,customer,payment_authentication,incorrect_pin,22,0,5,1
336340,netbanking,gateway,payment_processing,payment_timed_out,14,4,4,0
394251,card,customer,payment_authorization,insufficient_funds,12,5,5,1
344375,wallet,customer,payment_authentication,incorrect_pin,7,1,2,0
276038,netbanking,customer,payment_authentication,incorrect_pin,21,3,3,0
488083,wallet,customer,payment_authorization,insufficient_funds,0,2,5,0
450021,netbanking,customer,payment_authentication,expired_card,2,0,2,0
102005,card,customer,payment_authentication,incorrect_pin,4,3,4,0
80855,wallet,gateway,payment_processing,payment_timed_out,15,4,4,0
197037,card,customer,payment_authentication,expired_card,2,1,5,0
417851,netbanking,customer,payment_authorization,insufficient_funds,19,5,5,0
482375,upi,unknown,unknown,unknown,4,6,4,0
351611,upi,customer,payment_authentication,expired_card,16,0,3,0
345315,netbanking,gateway,payment_processing,payment_timed_out,19,1,5,0
117614,upi,customer,payment_authorization,insufficient_funds,21,2,4,0
296547,wallet,gateway,payment_processing,payment_timed_out,7,5,2,0
92975,wallet,customer,payment_authentication,expired_card,1,0,4,0
270283,netbanking,unknown,unknown,unknown,18,3,3,1
97681,netbanking,bank,payment_processing,bank_unavailable,10,3,2,0
38679,netbanking,gateway,payment_processing,payment_timed_out,22,0,3,0
483679,upi,bank,payment_processing,bank_unavailable,4,0,4,0
446794,card,customer,payment_authentication,incorrect_pin,13,0,5,1
342976,card,customer,payment_authentication,incorrect_pin,2,0,3,1
313127,wallet,unknown,unknown,unknown,11,3,1,1
120759,upi,gateway,payment_processing,payment_timed_out,0,6,5,1
286262,card,bank,payment_processing,bank_unavailable,18,2,3,0
374295,card,gateway,payment_processing,payment_timed_out,14,1,2,1
270211,upi,customer,payment_authentication,incorrect_pin,2,1,4,1
141687,upi,customer,payment_authentication,incorrect_pin,11,6,2,1
196565,card,customer,payment_authentication,expired_card,10,6,2,1
420644,upi,customer,payment_authentication,expired_card,16,4,5,0
128077,upi,unknown,unknown,unknown,11,3,5,0
480740,card,gateway,payment_processing,payment_timed_out,11,1,3,1
377906,upi,customer,payment_authorization,insufficient_funds,19,6,2,0
445229,netbanking,gateway,payment_processing,payment_timed_out,12,0,5,0
255274,upi,bank,payment_processing,bank_unavailable,19,1,1,1
112645,card,gateway,payment_processing,payment_timed_out,21,4,4,0
17935,card,customer,payment_authorization,insufficient_funds,20,1,3,0
267926,wallet,customer,payment_authentication,incorrect_pin,22,0,5,1
200148,netbanking,customer,payment_authentication,incorrect_pin,16,4,3,1
57727,wallet,unknown,unknown,unknown,13,0,5,0
464374,card,customer,payment_authentication,incorrect_pin,12,1,1,1
485163,card,unknown,unknown,unknown,4,4,4,1
187573,card,gateway,payment_processing,payment_timed_out,19,1,1,1
334356,wallet,customer,payment_authentication,incorrect_pin,16,5,4,0
207203,wallet,unknown,unknown,unknown,20,0,1,1
248908,wallet,customer,payment_authentication,incorrect_pin,16,4,5,1
312357,wallet,customer,payment_authentication,incorrect_pin,11,0,4,1
208799,netbanking,customer,payment_authentication,expired_card,7,5,1,0
401036,netbanking,customer,payment_authorization,insufficient_funds,23,5,5,0
95483,wallet,customer,payment_authorization,insufficient_funds,17,5,2,1
334562,card,customer,payment_authorization,insufficient_funds,20,1,3,0
491582,card,customer,payment_authentication,expired_card,14,1,1,1
425178,wallet,customer,payment_authentication,incorrect_pin,12,6,1,1
23814,card,customer,payment_authorization,insufficient_funds,0,5,2,0
57871,upi,customer,payment_authentication,expired_card,1,1,3,0
314738,netbanking,bank,payment_processing,bank_unavailable,16,0,3,0
462372,card,gateway,payment_processing,payment_timed_out,5,2,5,0
422169,wallet,customer,payment_authorization,insufficient_funds,1,4,1,1
452057,wallet,customer,payment_authentication,expired_card,18,2,4,0
75712,card,gateway,payment_processing,payment_timed_out,14,5,1,1
260055,netbanking,bank,payment_processing,bank_unavailable,2,3,2,0
363216,wallet,customer,payment_authorization,insufficient_funds,11,6,1,0
312747,netbanking,customer,payment_authentication,expired_card,11,6,1,1
388737,upi,customer,payment_authentication,expired_card,0,3,3,0
107193,netbanking,customer,payment_authentication,incorrect_pin,14,5,5,1
229070,netbanking,customer,payment_authentication,expired_card,9,3,4,0
224526,netbanking,customer,payment_authentication,incorrect_pin,21,0,5,0
470000,upi,customer,payment_authentication,expired_card,2,2,3,0
102149,card,unknown,unknown,unknown,20,2,1,0
163859,wallet,customer,payment_authentication,expired_card,0,6,2,1
11966,upi,gateway,payment_processing,payment_timed_out,18,5,5,0
76723,card,customer,payment_authorization,insufficient_funds,18,1,1,1
490471,card,unknown,unknown,unknown,9,0,1,0
423993,upi,gateway,payment_processing,payment_timed_out,6,3,5,0
130314,upi,unknown,unknown,unknown,3,3,1,0
351333,card,gateway,payment_processing,payment_timed_out,8,5,5,0
296961,wallet,customer,payment_authentication,expired_card,16,1,4,0
453383,upi,customer,payment_authentication,expired_card,17,5,4,0
150825,card,unknown,unknown,unknown,4,2,3,0
497181,upi,unknown,unknown,unknown,0,2,1,0
185940,netbanking,bank,payment_processing,bank_unavailable,13,2,3,1
358713,card,customer,payment_authentication,incorrect_pin,13,6,5,0
199483,wallet,customer,payment_authentication,incorrect_pin,23,2,5,0
336095,netbanking,customer,payment_authorization,insufficient_funds,18,3,3,0
168188,wallet,customer,payment_authentication,incorrect_pin,13,6,5,0
421805,netbanking,customer,payment_authorization,insufficient_funds,14,0,4,0
319063,card,customer,payment_authentication,incorrect_pin,15,3,1,1
145098,wallet,unknown,unknown,unknown,10,4,4,0
480508,card,customer,payment_authentication,incorrect_pin,16,6,4,1
354880,wallet,customer,payment_authentication,expired_card,4,0,3,1
214889,wallet,bank,payment_processing,bank_unavailable,19,5,4,1
68806,netbanking,customer,payment_authorization,insufficient_funds,20,5,5,0
486691,netbanking,gateway,payment_processing,payment_timed_out,10,2,3,0
377742,card,unknown,unknown,unknown,10,5,2,0
334231,wallet,gateway,payment_processing,payment_timed_out,11,3,5,0
416723,netbanking,unknown,unknown,unknown,19,4,5,0
303961,wallet,customer,payment_authentication,expired_card,4,2,4,0
116770,card,gateway,payment_processing,payment_timed_out,8,1,4,0
119315,wallet,customer,payment_authentication,incorrect_pin,14,5,1,1
40458,card,unknown,unknown,unknown,16,1,3,0
32397,upi,gateway,payment_processing,payment_timed_out,7,1,1,1
364610,upi,customer,payment_authorization,insufficient_funds,2,6,3,1
426116,netbanking,bank,payment_processing,bank_unavailable,12,6,5,1
82796,card,customer,payment_authentication,expired_card,15,4,2,0
287417,upi,customer,payment_authentication,incorrect_pin,18,4,5,0
62831,card,gateway,payment_processing,payment_timed_out,0,2,1,0
207792,netbanking,customer,payment_authorization,insufficient_funds,0,4,1,1
395577,card,customer,payment_authentication,incorrect_pin,9,4,5,1
406172,wallet,customer,payment_authorization,insufficient_funds,13,3,1,0
474428,wallet,unknown,unknown,unknown,0,4,4,0
155979,netbanking,customer,payment_authorization,insufficient_funds,4,3,4,1
474419,wallet,customer,payment_authentication,expired_card,10,6,2,0
392025,card,gateway,payment_processing,payment_timed_out,6,4,1,1
169974,upi,customer,payment_authentication,incorrect_pin,17,2,2,1
164654,upi,gateway,payment_processing,payment_timed_out,0,4,1,0
54673,wallet,customer,payment_authorization,insufficient_funds,21,1,4,0
460520,wallet,gateway,payment_processing,payment_timed_out,4,1,5,0
102449,netbanking,customer,payment_authorization,insufficient_funds,10,5,5,0
134715,upi,customer,payment_authentication,incorrect_pin,23,4,5,1
207048,card,gateway,payment_processing,payment_timed_out,15,0,4,1
69639,upi,gateway,payment_processing,payment_timed_out,23,2,5,1
403181,upi,unknown,unknown,unknown,0,6,4,0
349350,upi,gateway,payment_processing,payment_timed_out,17,4,4,0
79156,netbanking,bank,payment_processing,bank_unavailable,1,6,5,0
82260,upi,customer,payment_authorization,insufficient_funds,14,3,2,1
11976,wallet,customer,payment_authorization,insufficient_funds,7,0,3,1
474733,card,customer,payment_authentication,expired_card,18,1,5,0
218456,card,bank,payment_processing,bank_unavailable,2,0,2,0
328122,netbanking,bank,payment_processing,bank_unavailable,21,5,2,1
75836,wallet,customer,payment_authorization,insufficient_funds,11,5,1,0
116199,card,bank,payment_processing,bank_unavailable,12,3,2,0
271204,upi,customer,payment_authorization,insufficient_funds,13,5,3,0
105200,upi,customer,payment_authentication,incorrect_pin,0,3,5,1
306853,wallet,customer,payment_authentication,incorrect_pin,7,5,1,1
462014,upi,customer,payment_authentication,expired_card,17,4,4,0
153244,netbanking,bank,payment_processing,bank_unavailable,23,3,4,1
304321,card,customer,payment_authentication,incorrect_pin,23,4,5,0
457919,wallet,customer,payment_authentication,expired_card,12,2,4,0
446975,upi,customer,payment_authentication,incorrect_pin,6,5,1,1
4852,wallet,customer,payment_authentication,incorrect_pin,11,6,3,1
56002,netbanking,customer,payment_authentication,incorrect_pin,11,1,5,0
493113,card,bank,payment_processing,bank_unavailable,9,4,5,0
462771,upi,unknown,unknown,unknown,8,0,4,1
161633,wallet,customer,payment_authorization,insufficient_funds,20,2,5,0
260505,card,customer,payment_authorization,insufficient_funds,9,4,4,1
286827,card,customer,payment_authorization,insufficient_funds,0,1,1,1
334543,card,bank,payment_processing,bank_unavailable,17,1,5,0
375440,upi,gateway,payment_processing,payment_timed_out,15,2,1,0
187065,card,customer,payment_authorization,insufficient_funds,9,0,2,0
445077,upi,customer,payment_authentication,expired_card,15,4,2,1
30511,upi,unknown,unknown,unknown,22,0,4,1
17184,card,unknown,unknown,unknown,22,2,1,0
479029,upi,customer,payment_authentication,expired_card,18,2,4,0
89410,card,gateway,payment_processing,payment_timed_out,14,6,5,1
497305,wallet,unknown,unknown,unknown,0,6,4,1
143694,upi,gateway,payment_processing,payment_timed_out,12,0,2,1
182909,upi,customer,payment_authorization,insufficient_funds,19,1,5,1
14961,upi,customer,payment_authentication,incorrect_pin,20,5,2,1
471991,netbanking,customer,payment_authentication,incorrect_pin,18,2,4,1
180290,card,unknown,unknown,unknown,23,4,3,0
84695,card,customer,payment_authentication,expired_card,12,6,1,0
242187,upi,customer,payment_authorization,insufficient_funds,2,1,1,0
78187,card,bank,payment_processing,bank_unavailable,11,6,1,0
395098,card,customer,payment_authorization,insufficient_funds,7,0,5,0
37482,card,gateway,payment_processing,payment_timed_out,20,1,5,0
250112,netbanking,customer,payment_authentication,expired_card,18,3,3,0
196243,wallet,unknown,unknown,unknown,10,6,5,0
19552,card,customer,payment_authorization,insufficient_funds,9,3,1,1
27098,wallet,bank,payment_processing,bank_unavailable,3,0,5,0
259813,netbanking,customer,payment_authentication,incorrect_pin,1,1,2,0
197934,card,unknown,unknown,unknown,7,5,1,0
65743,upi,customer,payment_authentication,expired_card,5,3,4,0
70056,card,customer,payment_authentication,expired_card,6,0,2,0
402608,netbanking,bank,payment_processing,bank_unavailable,23,3,2,1
365534,upi,customer,payment_authorization,insufficient_funds,16,2,4,1
304287,wallet,unknown,unknown,unknown,13,0,2,0
416848,card,bank,payment_processing,bank_unavailable,4,1,4,0
35584,wallet,gateway,payment_processing,payment_timed_out,20,6,1,1
344220,netbanking,customer,payment_authentication,incorrect_pin,15,4,1,1
376512,card,customer,payment_authorization,insufficient_funds,12,0,2,0
101046,upi,gateway,payment_processing,payment_timed_out,11,0,4,0
268648,netbanking,customer,payment_authentication,incorrect_pin,13,2,2,1
383658,card,customer,payment_authentication,incorrect_pin,20,3,1,0
302133,upi,gateway,payment_processing,payment_timed_out,17,3,4,0
125500,wallet,customer,payment_authorization,insufficient_funds,11,4,3,0
332711,card,customer,payment_authorization,insufficient_funds,16,1,3,0
379985,upi,customer,payment_authentication,expired_card,22,0,2,0
5845,card,customer,payment_authorization,insufficient_funds,7,4,1,0
284131,card,customer,payment_authentication,incorrect_pin,21,6,1,1
252802,wallet,customer,payment_authentication,incorrect_pin,14,1,4,0
183989,netbanking,customer,payment_authentication,incorrect_pin,4,2,1,1
23074,upi,customer,payment_authentication,incorrect_pin,23,4,2,0
42662,upi,gateway,payment_processing,payment_timed_out,16,1,5,0
375334,netbanking,customer,payment_authorization,insufficient_funds,9,6,2,0
413928,upi,customer,payment_authentication,incorrect_pin,5,1,4,1
210209,card,customer,payment_authentication,incorrect_pin,21,3,2,1
469887,upi,bank,payment_processing,bank_unavailable,19,2,5,0
463903,upi,unknown,unknown,unknown,1,4,5,0
333293,wallet,bank,payment_processing,bank_unavailable,15,1,3,0
290881,upi,customer,payment_authentication,incorrect_pin,2,0,4,1
482307,upi,customer,payment_authorization,insufficient_funds,7,3,3,0
305290,wallet,bank,payment_processing,bank_unavailable,13,6,5,1
467122,upi,customer,payment_authorization,insufficient_funds,5,4,2,1
489513,wallet,unknown,unknown,unknown,12,5,5,0
98109,upi,gateway,payment_processing,payment_timed_out,10,3,4,0
330679,upi,bank,payment_processing,bank_unavailable,13,0,4,0
365875,upi,unknown,unknown,unknown,19,2,2,1
410222,netbanking,customer,payment_authorization,insufficient_funds,3,6,5,0
175303,netbanking,customer,payment_authentication,incorrect_pin,19,5,4,1
430941,card,unknown,unknown,unknown,5,4,5,1
244271,upi,unknown,unknown,unknown,0,2,5,0
194029,upi,customer,payment_authorization,insufficient_funds,10,4,1,0
79325,netbanking,customer,payment_authentication,expired_card,7,4,5,0
161280,upi,customer,payment_authorization,insufficient_funds,4,4,5,1
487415,netbanking,customer,payment_authentication,expired_card,10,6,2,0
358383,netbanking,gateway,payment_processing,payment_timed_out,20,4,5,0
363343,wallet,gateway,payment_processing,payment_timed_out,14,1,3,0
447930,card,customer,payment_authentication,expired_card,17,1,2,0
134187,upi,gateway,payment_processing,payment_timed_out,3,4,2,0
331113,card,customer,payment_authentication,expired_card,1,6,2,0
186364,wallet,gateway,payment_processing,payment_timed_out,8,6,1,1
424148,netbanking,customer,payment_authorization,insufficient_funds,18,4,4,0
211819,netbanking,bank,payment_processing,bank_unavailable,21,3,4,1
427585,card,bank,payment_processing,bank_unavailable,2,5,4,1
374020,upi,customer,payment_authentication,expired_card,11,6,3,0
386205,wallet,customer,payment_authentication,incorrect_pin,9,0,2,1
462923,wallet,customer,payment_authorization,insufficient_funds,17,2,4,0
395523,wallet,unknown,unknown,unknown,4,2,5,0
161398,wallet,customer,payment_authentication,incorrect_pin,11,3,1,1
261236,card,customer,payment_authentication,expired_card,20,2,2,0
236778,card,customer,payment_authentication,expired_card,11,2,5,0
33225,upi,bank,payment_processing,bank_unavailable,18,0,5,0
297011,wallet,customer,payment_authentication,incorrect_pin,14,0,5,1
219277,netbanking,customer,payment_authentication,incorrect_pin,14,3,1,0
197279,card,customer,payment_authorization,insufficient_funds,6,6,3,0
55699,wallet,customer,payment_authentication,incorrect_pin,23,2,1,1
252586,netbanking,customer,payment_authentication,incorrect_pin,5,1,5,1
289941,wallet,customer,payment_authentication,incorrect_pin,22,1,3,0
53748,wallet,customer,payment_authorization,insufficient_funds,23,6,2,0
317834,upi,unknown,unknown,unknown,12,4,1,1
84669,card,customer,payment_authentication,expired_card,20,4,4,0
73358,netbanking,customer,payment_authentication,incorrect_pin,17,1,5,0
201149,wallet,customer,payment_authentication,expired_card,17,6,5,0
195152,upi,customer,payment_authentication,incorrect_pin,1,1,5,0
457555,card,bank,payment_processing,bank_unavailable,3,6,5,0
34769,netbanking,customer,payment_authentication,incorrect_pin,1,6,4,1
175330,wallet,customer,payment_authentication,incorrect_pin,0,3,5,1
367526,upi,customer,payment_authentication,incorrect_pin,20,6,5,1
125646,netbanking,bank,payment_processing,bank_unavailable,4,6,3,0
490804,card,bank,payment_processing,bank_unavailable,0,4,4,1
371688,upi,bank,payment_processing,bank_unavailable,22,5,5,1
473097,netbanking,customer,payment_authentication,expired_card,6,4,1,0
474616,card,gateway,payment_processing,payment_timed_out,19,3,4,1
55473,netbanking,gateway,payment_processing,payment_timed_out,23,2,2,1
230103,card,customer,payment_authentication,expired_card,12,4,1,0
372548,wallet,customer,payment_authentication,expired_card,22,1,1,1
5293,upi,bank,payment_processing,bank_unavailable,23,1,1,0
226569,wallet,customer,payment_authorization,insufficient_funds,3,1,5,0
344387,upi,bank,payment_processing,bank_unavailable,3,0,4,0
396651,netbanking,customer,payment_authentication,incorrect_pin,8,6,1,0
208115,card,unknown,unknown,unknown,13,1,4,0
431645,card,bank,payment_processing,bank_unavailable,18,5,4,0
337149,upi,gateway,payment_processing,payment_timed_out,4,3,3,0
23702,netbanking,unknown,unknown,unknown,4,2,4,0
139580,upi,bank,payment_processing,bank_unavailable,7,1,5,0
469022,netbanking,unknown,unknown,unknown,6,5,3,0
2201,netbanking,bank,payment_processing,bank_unavailable,22,3,4,0
54907,wallet,customer,payment_authentication,incorrect_pin,9,3,3,0
172903,netbanking,customer,payment_authentication,incorrect_pin,20,4,2,0
496912,card,customer,payment_authentication,incorrect_pin,1,5,5,1
352692,netbanking,unknown,unknown,unknown,2,4,3,0
74682,wallet,bank,payment_processing,bank_unavailable,19,3,4,0
197163,card,customer,payment_authorization,insufficient_funds,5,6,4,0
469832,upi,bank,payment_processing,bank_unavailable,1,6,4,1
110368,wallet,customer,payment_authorization,insufficient_funds,14,6,4,0
288166,upi,unknown,unknown,unknown,3,0,4,1
232539,netbanking,unknown,unknown,unknown,1,6,3,0
380470,upi,customer,payment_authentication,incorrect_pin,9,1,4,1
376422,upi,gateway,payment_processing,payment_timed_out,13,4,3,1
416809,wallet,bank,payment_processing,bank_unavailable,12,4,2,1
60597,upi,customer,payment_authentication,incorrect_pin,14,1,4,1
227468,netbanking,unknown,unknown,unknown,0,0,5,0
346184,netbanking,customer,payment_authentication,incorrect_pin,6,6,4,0
210081,upi,customer,payment_authorization,insufficient_funds,8,6,4,0
334005,upi,customer,payment_authentication,incorrect_pin,7,1,5,0
318247,wallet,bank,payment_processing,bank_unavailable,13,4,2,0
185998,netbanking,customer,payment_authentication,expired_card,5,1,1,1
50963,upi,customer,payment_authorization,insufficient_funds,15,3,2,1
485198,wallet,customer,payment_authentication,incorrect_pin,22,2,4,0
413172,card,customer,payment_authentication,incorrect_pin,15,5,5,0
447458,upi,unknown,unknown,unknown,9,4,3,0
150611,wallet,gateway,payment_processing,payment_timed_out,10,3,4,1
158764,upi,unknown,unknown,unknown,14,4,1,1
162395,netbanking,customer,payment_authentication,expired_card,17,3,4,0
16514,wallet,customer,payment_authentication,expired_card,7,0,4,0
85682,netbanking,gateway,payment_processing,payment_timed_out,0,4,3,0
154844,netbanking,customer,payment_authentication,expired_card,16,5,4,0
493699,card,bank,payment_processing,bank_unavailable,15,3,3,0
103156,upi,customer,payment_authorization,insufficient_funds,2,1,3,0
254399,netbanking,bank,payment_processing,bank_unavailable,15,0,4,0
274079,wallet,customer,payment_authentication,incorrect_pin,1,2,4,1
180542,upi,customer,payment_authorization,insufficient_funds,15,5,2,0
459454,wallet,gateway,payment_processing,payment_timed_out,17,2,2,0
47520,card,unknown,unknown,unknown,0,6,3,0
435299,netbanking,customer,payment_authentication,incorrect_pin,17,2,2,1
372119,upi,customer,payment_authentication,incorrect_pin,2,2,2,0
153609,netbanking,customer,payment_authentication,incorrect_pin,6,5,2,0
384094,upi,gateway,payment_processing,payment_timed_out,16,4,2,0
214870,card,customer,payment_authorization,insufficient_funds,8,0,3,0
485360,netbanking,customer,payment_authorization,insufficient_funds,23,0,3,0
19234,upi,customer,payment_authentication,incorrect_pin,22,1,4,1
15841,card,unknown,unknown,unknown,23,6,2,0
272538,netbanking,bank,payment_processing,bank_unavailable,2,0,5,1
465799,upi,gateway,payment_processing,payment_timed_out,4,0,3,1
32620,card,gateway,payment_processing,payment_timed_out,4,5,4,0
389184,card,customer,payment_authentication,incorrect_pin,14,4,1,1
469365,netbanking,gateway,payment_processing,payment_timed_out,10,6,1,0
243701,wallet,customer,payment_authentication,expired_card,17,1,3,1
433600,wallet,customer,payment_authentication,expired_card,6,4,2,1
378714,upi,customer,payment_authorization,insufficient_funds,4,0,3,0
107879,upi,unknown,unknown,unknown,15,4,1,1
427236,upi,unknown,unknown,unknown,14,0,3,1
349985,netbanking,bank,payment_processing,bank_unavailable,16,6,4,0
7276,upi,customer,payment_authentication,incorrect_pin,7,2,4,1
284442,upi,unknown,unknown,unknown,12,1,2,1
327534,wallet,unknown,unknown,unknown,22,6,2,0
400878,wallet,customer,payment_authentication,expired_card,14,0,3,0
385869,wallet,customer,payment_authentication,expired_card,22,5,3,0
238350,card,customer,payment_authorization,insufficient_funds,10,3,4,0
150195,netbanking,customer,payment_authentication,incorrect_pin,1,4,2,1
96694,netbanking,unknown,unknown,unknown,18,1,4,1
45413,upi,bank,payment_processing,bank_unavailable,11,6,5,0
320282,netbanking,customer,payment_authorization,insufficient_funds,1,3,2,0
479926,netbanking,gateway,payment_processing,payment_timed_out,3,2,5,0
41059,card,customer,payment_authentication,incorrect_pin,7,3,2,1
351652,wallet,customer,payment_authentication,incorrect_pin,4,2,2,0
292709,netbanking,customer,payment_authorization,insufficient_funds,16,2,4,0
86772,netbanking,bank,payment_processing,bank_unavailable,14,0,4,0
107139,netbanking,bank,payment_processing,bank_unavailable,7,3,3,1
142941,wallet,customer,payment_authorization,insufficient_funds,2,3,2,1
342783,netbanking,bank,payment_processing,bank_unavailable,1,2,1,0
150034,card,bank,payment_processing,bank_unavailable,22,6,5,0
414194,wallet,customer,payment_authentication,expired_card,8,0,5,0
185508,netbanking,customer,payment_authentication,expired_card,2,6,5,0
55652,wallet,unknown,unknown,unknown,17,6,3,1
48642,upi,gateway,payment_processing,payment_timed_out,20,0,5,1
200734,card,customer,payment_authorization,insufficient_funds,2,4,3,0
204542,wallet,unknown,unknown,unknown,22,1,1,1
367028,netbanking,customer,payment_authentication,expired_card,17,0,1,0
239808,wallet,customer,payment_authorization,insufficient_funds,6,6,2,0
82687,upi,bank,payment_processing,bank_unavailable,18,0,2,0
107428,upi,gateway,payment_processing,payment_timed_out,10,2,5,0
283695,wallet,gateway,payment_processing,payment_timed_out,15,0,2,1
167749,card,bank,payment_processing,bank_unavailable,3,0,4,0
336248,netbanking,customer,payment_authentication,incorrect_pin,5,0,2,0
461585,card,customer,payment_authorization,insufficient_funds,18,5,4,1
178042,card,customer,payment_authentication,incorrect_pin,19,0,3,1
276386,wallet,gateway,payment_processing,payment_timed_out,0,5,1,1
416159,upi,customer,payment_authentication,expired_card,5,1,3,0
105965,wallet,bank,payment_processing,bank_unavailable,14,6,1,1
255818,wallet,gateway,payment_processing,payment_timed_out,21,5,5,1
153317,netbanking,gateway,payment_processing,payment_timed_out,16,4,4,0
313871,card,gateway,payment_processing,payment_timed_out,16,5,5,0
371798,upi,customer,payment_authentication,incorrect_pin,9,2,5,0
71295,netbanking,customer,payment_authentication,expired_card,1,5,2,0
94545,card,unknown,unknown,unknown,18,1,4,0
12556,upi,gateway,payment_processing,payment_timed_out,19,4,1,1
7016,card,customer,payment_authorization,insufficient_funds,10,6,5,0
26323,wallet,bank,payment_processing,bank_unavailable,12,5,4,1
353699,card,unknown,unknown,unknown,5,1,4,0
452057,upi,customer,payment_authentication,incorrect_pin,10,5,5,1
205442,netbanking,customer,payment_authentication,expired_card,5,6,5,0
441439,upi,customer,payment_authentication,incorrect_pin,10,6,5,0
365114,wallet,unknown,unknown,unknown,3,5,1,0
403988,wallet,customer,payment_authentication,incorrect_pin,14,5,1,1
370208,wallet,customer,payment_authentication,incorrect_pin,5,5,5,1
100606,wallet,customer,payment_authorization,insufficient_funds,17,5,2,0
262158,upi,customer,payment_authorization,insufficient_funds,12,0,3,0
263204,upi,bank,payment_processing,bank_unavailable,21,5,1,1
321162,card,customer,payment_authorization,insufficient_funds,5,1,4,0
398263,card,bank,payment_processing,bank_unavailable,6,3,5,0
57209,wallet,customer,payment_authentication,expired_card,5,2,5,0
337660,netbanking,customer,payment_authentication,expired_card,15,1,3,0
416684,netbanking,unknown,unknown,unknown,2,1,4,0
58645,wallet,bank,payment_processing,bank_unavailable,16,0,3,0
208066,netbanking,customer,payment_authentication,expired_card,19,3,3,0
447875,card,gateway,payment_processing,payment_timed_out,16,2,3,0
13162,card,customer,payment_authorization,insufficient_funds,3,2,5,0
81180,netbanking,gateway,payment_processing,payment_timed_out,11,0,2,0
402156,upi,unknown,unknown,unknown,12,4,3,0
86726,netbanking,customer,payment_authorization,insufficient_funds,9,1,4,0
351290,netbanking,customer,payment_authorization,insufficient_funds,11,5,3,0
450604,netbanking,bank,payment_processing,bank_unavailable,18,0,1,1
249787,netbanking,customer,payment_authorization,insufficient_funds,20,0,2,1
242824,wallet,customer,payment_authentication,expired_card,7,2,4,0
214946,wallet,unknown,unknown,unknown,7,2,4,1
187073,netbanking,customer,payment_authentication,expired_card,4,6,4,0
190646,card,customer,payment_authentication,incorrect_pin,9,3,5,0
277275,upi,customer,payment_authorization,insufficient_funds,13,2,4,1
447878,wallet,gateway,payment_processing,payment_timed_out,17,5,3,0
490718,wallet,customer,payment_authorization,insufficient_funds,6,1,2,0
433070,netbanking,customer,payment_authentication,expired_card,5,6,2,0
60695,wallet,gateway,payment_processing,payment_timed_out,0,2,5,0
154078,wallet,customer,payment_authorization,insufficient_funds,2,2,3,0
378718,wallet,customer,payment_authentication,expired_card,1,2,4,1
273219,netbanking,bank,payment_processing,bank_unavailable,4,0,1,0
167828,upi,customer,payment_authentication,incorrect_pin,16,4,1,0
156284,upi,bank,payment_processing,bank_unavailable,18,4,2,0
59407,upi,bank,payment_processing,bank_unavailable,23,4,1,0
166877,card,customer,payment_authentication,incorrect_pin,13,4,4,0
211545,netbanking,unknown,unknown,unknown,10,0,4,0
208547,card,customer,payment_authentication,expired_card,21,6,3,1
274828,upi,customer,payment_authentication,incorrect_pin,3,3,2,1
137222,upi,unknown,unknown,unknown,15,4,3,0
103775,wallet,unknown,unknown,unknown,19,0,1,0
443872,wallet,customer,payment_authentication,incorrect_pin,12,5,3,1
203229,card,customer,payment_authentication,incorrect_pin,6,4,1,0
128120,wallet,bank,payment_processing,bank_unavailable,14,2,1,0
318202,netbanking,customer,payment_authentication,expired_card,23,6,1,0
271616,wallet,gateway,payment_processing,payment_timed_out,5,4,1,0
288648,wallet,bank,payment_processing,bank_unavailable,13,6,3,0
111536,netbanking,customer,payment_authentication,expired_card,1,5,3,0
361857,card,customer,payment_authentication,incorrect_pin,5,1,4,0
96954,netbanking,customer,payment_authentication,expired_card,18,6,3,0
418366,card,unknown,unknown,unknown,11,5,1,0
212601,card,customer,payment_authentication,expired_card,4,1,1,0
205161,netbanking,bank,payment_processing,bank_unavailable,8,5,4,0
194857,netbanking,customer,payment_authorization,insufficient_funds,2,3,5,0
212061,netbanking,unknown,unknown,unknown,18,6,2,1
332994,card,customer,payment_authentication,incorrect_pin,22,1,2,0
248849,card,customer,payment_authorization,insufficient_funds,2,1,2,1
64279,upi,customer,payment_authentication,incorrect_pin,5,2,2,1
283610,netbanking,unknown,unknown,unknown,20,3,2,0
134236,netbanking,bank,payment_processing,bank_unavailable,21,4,3,1
55053,wallet,unknown,unknown,unknown,18,1,4,1
420126,netbanking,customer,payment_authentication,expired_card,17,4,4,0
157005,card,customer,payment_authentication,expired_card,20,0,5,0
297927,upi,customer,payment_authentication,expired_card,8,2,2,0
86774,upi,customer,payment_authorization,insufficient_funds,21,4,3,0
170313,card,customer,payment_authentication,expired_card,21,1,2,1
193540,card,gateway,payment_processing,payment_timed_out,5,3,1,1
67814,card,unknown,unknown,unknown,1,4,2,1
486704,card,customer,payment_authentication,expired_card,12,1,2,0
156489,wallet,unknown,unknown,unknown,18,6,3,0
291783,upi,unknown,unknown,unknown,20,5,1,1
283194,card,customer,payment_authentication,expired_card,3,6,4,0
215261,upi,bank,payment_processing,bank_unavailable,9,3,5,0
293219,card,customer,payment_authentication,incorrect_pin,18,2,5,1
283403,netbanking,customer,payment_authorization,insufficient_funds,1,6,1,0
40953,upi,unknown,unknown,unknown,17,5,1,0
334869,card,customer,payment_authentication,incorrect_pin,6,5,5,0
57990,upi,bank,payment_processing,bank_unavailable,0,1,5,0
218042,wallet,gateway,payment_processing,payment_timed_out,5,6,3,0
182991,netbanking,customer,payment_authorization,insufficient_funds,17,3,2,0
224407,upi,unknown,unknown,unknown,20,5,3,0
36879,upi,customer,payment_authentication,expired_card,1,5,3,0
350999,upi,customer,payment_authentication,incorrect_pin,11,0,5,1
209864,card,customer,payment_authorization,insufficient_funds,4,0,3,1
31370,wallet,gateway,payment_processing,payment_timed_out,16,0,1,0
2763,netbanking,unknown,unknown,unknown,18,4,4,0
270500,wallet,unknown,unknown,unknown,23,6,4,0
333462,card,unknown,unknown,unknown,8,0,2,0
274117,card,customer,payment_authentication,incorrect_pin,7,0,1,1
360504,card,gateway,payment_processing,payment_timed_out,7,3,1,1
378620,upi,customer,payment_authentication,incorrect_pin,18,2,5,1
436112,wallet,customer,payment_authentication,incorrect_pin,10,0,3,1
491340,upi,gateway,payment_processing,payment_timed_out,0,4,3,0
442513,card,bank,payment_processing,bank_unavailable,22,6,5,0
398082,netbanking,customer,payment_authentication,expired_card,2,1,1,0
216055,upi,unknown,unknown,unknown,22,0,2,0
252391,card,customer,payment_authentication,incorrect_pin,3,1,5,1
308407,card,customer,payment_authentication,expired_card,12,1,3,0
85557,card,unknown,unknown,unknown,7,3,1,1
339148,upi,bank,payment_processing,bank_unavailable,16,0,4,0
294542,upi,customer,payment_authentication,expired_card,9,2,1,1
260577,upi,bank,payment_processing,bank_unavailable,8,0,4,1
417315,card,unknown,unknown,unknown,11,4,4,0
343896,upi,customer,payment_authentication,incorrect_pin,23,3,5,0
466275,wallet,unknown,unknown,unknown,5,0,3,0
488280,upi,gateway,payment_processing,payment_timed_out,5,0,2,1
412830,netbanking,gateway,payment_processing,payment_timed_out,1,3,5,1
149656,netbanking,bank,payment_processing,bank_unavailable,17,4,3,1
95295,card,customer,payment_authentication,expired_card,16,1,4,0
150356,wallet,bank,payment_processing,bank_unavailable,14,2,1,0
356576,upi,customer,payment_authorization,insufficient_funds,0,4,4,0
432283,upi,unknown,unknown,unknown,18,3,3,1
440198,card,customer,payment_authentication,expired_card,19,0,2,0
342307,upi,gateway,payment_processing,payment_timed_out,22,2,4,1
340828,card,customer,payment_authentication,incorrect_pin,22,1,1,1
476018,card,gateway,payment_processing,payment_timed_out,6,6,4,0
343190,wallet,customer,payment_authentication,expired_card,17,5,5,1
71345,card,unknown,unknown,unknown,9,2,3,0
250581,wallet,customer,payment_authentication,incorrect_pin,14,1,1,0
179979,wallet,customer,payment_authentication,expired_card,7,0,3,0
318851,wallet,customer,payment_authentication,expired_card,15,5,3,0
318281,upi,customer,payment_authentication,expired_card,22,6,3,0
147896,wallet,customer,payment_authentication,incorrect_pin,15,1,2,1
150549,netbanking,bank,payment_processing,bank_unavailable,22,4,4,1
45316,wallet,customer,payment_authorization,insufficient_funds,22,1,2,0
147332,card,customer,payment_authentication,expired_card,2,6,3,0
414030,wallet,customer,payment_authorization,insufficient_funds,23,2,3,0
327910,netbanking,bank,payment_processing,bank_unavailable,19,0,4,0
471629,upi,customer,payment_authentication,expired_card,10,6,4,1
463234,card,customer,payment_authentication,incorrect_pin,14,6,5,0
428555,upi,gateway,payment_processing,payment_timed_out,14,2,4,0
90663,wallet,gateway,payment_processing,payment_timed_out,18,6,4,0
167623,card,customer,payment_authentication,incorrect_pin,19,1,5,1
29684,upi,customer,payment_authentication,incorrect_pin,2,1,2,1
47671,netbanking,unknown,unknown,unknown,0,3,2,1
116300,card,customer,payment_authorization,insufficient_funds,5,4,3,0
140789,upi,unknown,unknown,unknown,12,2,3,0
8679,wallet,bank,payment_processing,bank_unavailable,20,5,4,0
421575,wallet,bank,payment_processing,bank_unavailable,15,5,1,0
263976,netbanking,customer,payment_authorization,insufficient_funds,3,0,1,1
328252,netbanking,customer,payment_authentication,expired_card,17,6,4,0
327125,card,customer,payment_authentication,incorrect_pin,11,1,5,1
483381,netbanking,bank,payment_processing,bank_unavailable,8,3,2,1
74518,netbanking,bank,payment_processing,bank_unavailable,18,2,2,1
171998,upi,customer,payment_authentication,incorrect_pin,7,3,3,1
154882,upi,bank,payment_processing,bank_unavailable,14,0,3,0
276185,card,customer,payment_authentication,expired_card,4,2,1,0
263568,card,gateway,payment_processing,payment_timed_out,9,0,3,0
395229,upi,customer,payment_authentication,incorrect_pin,13,6,5,0
280759,upi,unknown,unknown,unknown,14,1,4,1
117762,wallet,unknown,unknown,unknown,22,3,5,0
282802,card,gateway,payment_processing,payment_timed_out,6,1,4,0
482081,netbanking,unknown,unknown,unknown,21,1,5,0
289853,netbanking,bank,payment_processing,bank_unavailable,19,2,2,1
296607,netbanking,gateway,payment_processing,payment_timed_out,8,6,1,1
88824,netbanking,gateway,payment_processing,payment_timed_out,3,3,1,1
4940,card,customer,payment_authentication,expired_card,6,6,5,0
105584,wallet,customer,payment_authorization,insufficient_funds,15,5,4,0
13551,card,customer,payment_authentication,expired_card,18,3,2,0
226673,wallet,unknown,unknown,unknown,14,6,5,0
441226,card,unknown,unknown,unknown,17,2,2,0
223925,upi,bank,payment_processing,bank_unavailable,2,3,3,1
322996,wallet,customer,payment_authorization,insufficient_funds,12,4,2,0
427957,upi,gateway,payment_processing,payment_timed_out,20,4,1,1
381773,wallet,customer,payment_authentication,incorrect_pin,9,5,2,1
325662,upi,customer,payment_authentication,incorrect_pin,21,1,2,0
392224,upi,customer,payment_authentication,expired_card,2,3,3,0
141001,netbanking,unknown,unknown,unknown,23,4,1,0
210809,wallet,customer,payment_authorization,insufficient_funds,18,2,2,1
200097,card,bank,payment_processing,bank_unavailable,15,6,3,1
399507,upi,customer,payment_authorization,insufficient_funds,14,2,2,0
204979,upi,bank,payment_processing,bank_unavailable,22,2,4,1
468829,wallet,customer,payment_authentication,incorrect_pin,9,2,4,1
94121,netbanking,customer,payment_authentication,expired_card,3,4,5,0
86913,upi,customer,payment_authentication,expired_card,22,0,5,0
358368,card,customer,payment_authorization,insufficient_funds,2,1,2,0
382304,card,customer,payment_authorization,insufficient_funds,15,5,4,0
339839,upi,gateway,payment_processing,payment_timed_out,6,1,4,1
154588,wallet,customer,payment_authorization,insufficient_funds,22,0,3,0
5556,netbanking,customer,payment_authentication,incorrect_pin,23,1,4,1
161425,upi,customer,payment_authentication,incorrect_pin,11,2,1,1
233849,netbanking,unknown,unknown,unknown,12,0,2,0
206965,card,bank,payment_processing,bank_unavailable,10,5,5,1
461102,upi,customer,payment_authentication,incorrect_pin,10,0,5,1
431996,card,unknown,unknown,unknown,22,2,1,1
387743,upi,customer,payment_authentication,incorrect_pin,6,1,3,1
12005,upi,bank,payment_processing,bank_unavailable,23,2,2,1
64580,wallet,customer,payment_authentication,incorrect_pin,15,0,1,1
217529,netbanking,gateway,payment_processing,payment_timed_out,23,6,1,0
311221,upi,gateway,payment_processing,payment_timed_out,14,6,3,0
340344,wallet,gateway,payment_processing,payment_timed_out,19,0,4,1
148846,netbanking,customer,payment_authorization,insufficient_funds,11,1,3,1
56097,wallet,customer,payment_authorization,insufficient_funds,11,6,2,1
164755,netbanking,unknown,unknown,unknown,6,2,4,1
396335,card,gateway,payment_processing,payment_timed_out,5,0,4,0
493299,netbanking,customer,payment_authentication,incorrect_pin,0,0,5,1
471010,netbanking,gateway,payment_processing,payment_timed_out,9,2,2,0
297024,netbanking,gateway,payment_processing,payment_timed_out,23,3,2,0
46376,upi,customer,payment_authentication,expired_card,22,4,3,1
483894,card,customer,payment_authentication,expired_card,16,1,3,0
77321,upi,customer,payment_authentication,incorrect_pin,8,2,3,1
134880,card,customer,payment_authentication,incorrect_pin,12,1,5,1
487075,upi,customer,payment_authentication,incorrect_pin,18,3,1,0
252438,upi,customer,payment_authentication,incorrect_pin,0,2,3,1
99730,wallet,unknown,unknown,unknown,22,1,3,0
251553,upi,customer,payment_authentication,expired_card,20,5,2,0
40390,wallet,gateway,payment_processing,payment_timed_out,23,3,4,0
158525,upi,customer,payment_authorization,insufficient_funds,2,3,5,0
476145,wallet,unknown,unknown,unknown,22,0,3,0
149985,card,customer,payment_authorization,insufficient_funds,14,0,1,1
446419,netbanking,unknown,unknown,unknown,13,5,1,0
271926,card,customer,payment_authentication,incorrect_pin,4,6,3,1
328207,card,customer,payment_authentication,incorrect_pin,11,4,4,1
351795,card,customer,payment_authentication,incorrect_pin,8,0,2,1
276164,netbanking,gateway,payment_processing,payment_timed_out,23,3,2,0
18115,card,customer,payment_authorization,insufficient_funds,8,1,5,0
459698,netbanking,bank,payment_processing,bank_unavailable,5,0,1,0
238037,wallet,bank,payment_processing,bank_unavailable,22,0,1,0
328105,card,gateway,payment_processing,payment_timed_out,4,3,1,1
277386,card,bank,payment_processing,bank_unavailable,21,2,5,1
329540,upi,customer,payment_authentication,incorrect_pin,23,3,3,0
177993,card,bank,payment_processing,bank_unavailable,7,4,1,0
421999,upi,customer,payment_authorization,insufficient_funds,16,1,2,0
112934,upi,gateway,payment_processing,payment_timed_out,19,2,5,0
326970,wallet,gateway,payment_processing,payment_timed_out,12,4,4,0
289378,upi,customer,payment_authentication,incorrect_pin,16,1,2,0
252335,card,gateway,payment_processing,payment_timed_out,3,0,2,0
11961,wallet,customer,payment_authentication,incorrect_pin,12,5,1,1
195471,wallet,customer,payment_authentication,expired_card,12,1,4,0
24727,upi,bank,payment_processing,bank_unavailable,13,0,1,1
252064,upi,customer,payment_authorization,insufficient_funds,22,5,2,0
344193,card,bank,payment_processing,bank_unavailable,19,3,2,0
261717,netbanking,customer,payment_authorization,insufficient_funds,14,1,4,0
378769,wallet,gateway,payment_processing,payment_timed_out,9,5,4,1
181055,upi,unknown,unknown,unknown,9,1,4,0
153763,upi,gateway,payment_processing,payment_timed_out,0,4,2,1
224611,card,bank,payment_processing,bank_unavailable,13,4,2,0
115336,wallet,customer,payment_authentication,expired_card,6,5,2,0
401134,upi,bank,payment_processing,bank_unavailable,21,5,1,0
405055,card,gateway,payment_processing,payment_timed_out,18,4,4,1
208840,upi,customer,payment_authentication,expired_card,21,0,3,1
396488,upi,bank,payment_processing,bank_unavailable,23,6,3,0
13754,wallet,bank,payment_processing,bank_unavailable,9,0,5,0
78236,upi,bank,payment_processing,bank_unavailable,10,1,1,1
142226,card,customer,payment_authentication,expired_card,14,3,5,0
194572,wallet,gateway,payment_processing,payment_timed_out,10,2,4,1
116639,netbanking,bank,payment_processing,bank_unavailable,6,4,2,0
256583,upi,gateway,payment_processing,payment_timed_out,16,0,4,1
396998,card,gateway,payment_processing,payment_timed_out,10,3,4,1
228661,wallet,bank,payment_processing,bank_unavailable,22,2,2,0
225197,card,unknown,unknown,unknown,5,4,2,0
30888,netbanking,customer,payment_authorization,insufficient_funds,10,3,5,0
140875,netbanking,unknown,unknown,unknown,12,5,1,0
403821,netbanking,customer,payment_authorization,insufficient_funds,21,1,1,1
405542,upi,customer,payment_authentication,expired_card,13,6,4,0
53032,wallet,customer,payment_authorization,insufficient_funds,1,2,5,1
10589,wallet,bank,payment_processing,bank_unavailable,8,2,3,1
415679,upi,bank,payment_processing,bank_unavailable,21,3,1,1
87951,wallet,gateway,payment_processing,payment_timed_out,6,1,3,1
287699,wallet,customer,payment_authentication,incorrect_pin,8,5,2,1
413651,netbanking,unknown,unknown,unknown,3,1,5,0
393877,card,unknown,unknown,unknown,17,6,4,0
275775,card,customer,payment_authentication,expired_card,3,1,2,0
188944,wallet,customer,payment_authentication,expired_card,8,6,4,0
387052,upi,gateway,payment_processing,payment_timed_out,17,2,4,0
347674,wallet,customer,payment_authorization,insufficient_funds,21,4,4,0
419250,wallet,gateway,payment_processing,payment_timed_out,5,6,2,1
257410,netbanking,customer,payment_authorization,insufficient_funds,7,0,3,1
471040,card,gateway,payment_processing,payment_timed_out,2,2,1,0
385101,netbanking,customer,payment_authorization,insufficient_funds,10,6,3,1
32648,upi,gateway,payment_processing,payment_timed_out,23,1,2,0
147652,wallet,gateway,payment_processing,payment_timed_out,7,0,3,0
399818,card,customer,payment_authorization,insufficient_funds,6,3,5,0
58923,upi,customer,payment_authentication,expired_card,9,0,5,1
354675,wallet,bank,payment_processing,bank_unavailable,21,6,3,1
170948,netbanking,customer,payment_authorization,insufficient_funds,13,6,4,1
104305,netbanking,customer,payment_authentication,expired_card,14,1,1,0
270416,upi,unknown,unknown,unknown,18,1,3,0
465920,wallet,customer,payment_authentication,incorrect_pin,17,5,4,1
448933,netbanking,unknown,unknown,unknown,14,3,4,0
202697,wallet,unknown,unknown,unknown,13,5,5,0
2843,wallet,customer,payment_authentication,expired_card,12,6,3,0
443918,upi,customer,payment_authentication,expired_card,4,2,5,0
448732,upi,bank,payment_processing,bank_unavailable,9,1,5,0
302952,wallet,customer,payment_authentication,incorrect_pin,20,4,3,0
314654,netbanking,customer,payment_authentication,expired_card,0,4,1,0
263847,card,gateway,payment_processing,payment_timed_out,19,3,2,0
7236,card,customer,payment_authorization,insufficient_funds,13,2,4,0
80602,netbanking,gateway,payment_processing,payment_timed_out,8,1,3,1
72548,wallet,gateway,payment_processing,payment_timed_out,2,3,5,0
457250,upi,gateway,payment_processing,payment_timed_out,18,2,5,0
25864,netbanking,bank,payment_processing,bank_unavailable,0,3,1,0
278774,wallet,bank,payment_processing,bank_unavailable,13,0,5,1
182038,card,bank,payment_processing,bank_unavailable,3,6,2,1
4040,card,unknown,unknown,unknown,21,4,5,0
459699,wallet,unknown,unknown,unknown,4,6,3,0
10124,upi,bank,payment_processing,bank_unavailable,19,5,3,1
428045,card,unknown,unknown,unknown,13,4,1,0
389039,card,customer,payment_authentication,expired_card,0,2,1,1
397048,wallet,bank,payment_processing,bank_unavailable,17,4,3,0
81806,upi,customer,payment_authentication,incorrect_pin,21,3,3,1
440662,card,customer,payment_authentication,expired_card,5,6,3,0
299771,upi,customer,payment_authentication,expired_card,23,1,1,0
201579,wallet,unknown,unknown,unknown,19,0,3,0
340860,netbanking,gateway,payment_processing,payment_timed_out,17,0,1,0
171379,card,customer,payment_authentication,incorrect_pin,8,1,1,1
140403,card,customer,payment_authentication,expired_card,2,4,3,0
144825,upi,gateway,payment_processing,payment_timed_out,10,1,4,1
285088,wallet,bank,payment_processing,bank_unavailable,19,0,4,1
300923,netbanking,bank,payment_processing,bank_unavailable,14,2,5,1
120889,card,gateway,payment_processing,payment_timed_out,15,5,5,0
123560,card,customer,payment_authentication,expired_card,18,2,2,0
473212,netbanking,gateway,payment_processing,payment_timed_out,8,1,4,0
257925,netbanking,bank,payment_processing,bank_unavailable,0,1,1,0
430225,card,customer,payment_authorization,insufficient_funds,21,5,5,0
165758,card,customer,payment_authentication,expired_card,14,3,2,0
144733,netbanking,unknown,unknown,unknown,13,2,4,0
142016,netbanking,customer,payment_authentication,expired_card,13,5,5,0
264878,netbanking,gateway,payment_processing,payment_timed_out,20,2,4,1
389754,upi,customer,payment_authentication,incorrect_pin,18,2,5,1
250816,card,unknown,unknown,unknown,16,5,1,0
148175,netbanking,customer,payment_authorization,insufficient_funds,18,2,1,1
480052,wallet,unknown,unknown,unknown,6,3,4,0
286641,netbanking,bank,payment_processing,bank_unavailable,17,4,3,1
197620,card,unknown,unknown,unknown,23,1,1,1
5832,netbanking,unknown,unknown,unknown,5,0,4,0
281552,upi,gateway,payment_processing,payment_timed_out,13,5,1,1
310911,upi,unknown,unknown,unknown,16,2,5,0
464425,netbanking,customer,payment_authentication,expired_card,12,2,1,0
116119,wallet,unknown,unknown,unknown,23,4,3,0
82242,wallet,customer,payment_authorization,insufficient_funds,9,0,5,0
499648,netbanking,customer,payment_authentication,incorrect_pin,5,0,3,0
275692,upi,customer,payment_authentication,expired_card,3,2,4,0
14408,wallet,gateway,payment_processing,payment_timed_out,20,6,4,0
53730,card,gateway,payment_processing,payment_timed_out,16,4,5,1
238222,card,customer,payment_authentication,expired_card,13,4,3,0
309132,wallet,customer,payment_authentication,expired_card,10,4,5,0
122607,netbanking,customer,payment_authentication,expired_card,9,6,3,0
183476,netbanking,unknown,unknown,unknown,22,5,5,0
368388,card,unknown,unknown,unknown,16,0,4,0
483851,wallet,customer,payment_authentication,incorrect_pin,23,3,1,0
246039,card,customer,payment_authentication,expired_card,19,3,4,0
208289,netbanking,bank,payment_processing,bank_unavailable,18,1,5,1
181205,wallet,gateway,payment_processing,payment_timed_out,13,6,1,0
68957,netbanking,customer,payment_authentication,expired_card,5,1,5,0
27334,upi,unknown,unknown,unknown,15,5,1,0
417166,card,bank,payment_processing,bank_unavailable,17,0,5,0
19532,card,gateway,payment_processing,payment_timed_out,12,4,4,1
410613,wallet,customer,payment_authentication,incorrect_pin,0,5,1,1
124383,netbanking,unknown,unknown,unknown,23,3,4,0
347735,card,customer,payment_authentication,incorrect_pin,19,0,1,1
475844,netbanking,bank,payment_processing,bank_unavailable,8,0,3,1
374657,netbanking,unknown,unknown,unknown,11,4,5,1
365032,card,unknown,unknown,unknown,2,6,2,0
133093,card,bank,payment_processing,bank_unavailable,22,4,1,1
299486,wallet,bank,payment_processing,bank_unavailable,5,0,3,1
321385,netbanking,customer,payment_authentication,incorrect_pin,9,5,2,1
213224,upi,unknown,unknown,unknown,10,3,1,1
19971,netbanking,customer,payment_authentication,incorrect_pin,6,0,3,1
456305,netbanking,customer,payment_authentication,incorrect_pin,15,2,2,0
99248,netbanking,bank,payment_processing,bank_unavailable,23,1,1,1
486754,netbanking,customer,payment_authentication,incorrect_pin,20,6,2,1
466208,wallet,customer,payment_authentication,incorrect_pin,12,6,1,1
10412,card,customer,payment_authentication,expired_card,3,0,5,0
369879,card,gateway,payment_processing,payment_timed_out,20,4,5,0
317407,upi,customer,payment_authorization,insufficient_funds,6,0,2,1
116105,netbanking,gateway,payment_processing,payment_timed_out,21,3,5,0
406579,card,customer,payment_authentication,expired_card,9,1,3,0
56580,card,customer,payment_authorization,insufficient_funds,12,5,5,0
125096,netbanking,gateway,payment_processing,payment_timed_out,10,0,1,0
474511,card,customer,payment_authentication,expired_card,10,6,2,0
371677,card,gateway,payment_processing,payment_timed_out,3,1,4,0
56981,card,customer,payment_authentication,incorrect_pin,13,1,2,0
72896,card,customer,payment_authorization,insufficient_funds,9,6,5,1
129278,upi,customer,payment_authorization,insufficient_funds,20,6,3,0
36210,wallet,bank,payment_processing,bank_unavailable,11,0,3,1
92134,upi,unknown,unknown,unknown,23,0,3,0
286309,card,gateway,payment_processing,payment_timed_out,7,5,4,0
4724,netbanking,customer,payment_authentication,expired_card,7,6,1,1
144436,upi,customer,payment_authentication,expired_card,0,3,4,1
157753,netbanking,unknown,unknown,unknown,17,1,4,0
485464,netbanking,bank,payment_processing,bank_unavailable,1,1,5,0
487116,netbanking,customer,payment_authorization,insufficient_funds,6,1,5,0
422891,card,customer,payment_authentication,incorrect_pin,21,4,4,1
171610,upi,customer,payment_authorization,insufficient_funds,14,0,3,1
264128,wallet,customer,payment_authentication,expired_card,13,4,3,0
252648,card,bank,payment_processing,bank_unavailable,19,5,2,0
430227,wallet,bank,payment_processing,bank_unavailable,18,1,5,1
373222,upi,bank,payment_processing,bank_unavailable,21,6,2,1
453381,upi,unknown,unknown,unknown,15,6,3,1
275989,wallet,unknown,unknown,unknown,10,2,1,1
459681,wallet,customer,payment_authentication,incorrect_pin,3,0,2,1
372052,wallet,customer,payment_authentication,incorrect_pin,8,2,2,1
369676,wallet,customer,payment_authorization,insufficient_funds,16,1,3,1
331156,upi,unknown,unknown,unknown,6,1,3,1
168497,wallet,bank,payment_processing,bank_unavailable,16,6,4,0
304673,netbanking,unknown,unknown,unknown,3,1,3,0
178935,upi,customer,payment_authentication,expired_card,1,2,1,1
325175,upi,customer,payment_authentication,expired_card,8,5,3,1
128141,wallet,customer,payment_authorization,insufficient_funds,5,0,1,0
399783,card,bank,payment_processing,bank_unavailable,20,0,5,0
286112,wallet,customer,payment_authentication,incorrect_pin,9,2,4,0
355386,upi,customer,payment_authentication,expired_card,10,6,2,0
111673,card,customer,payment_authorization,insufficient_funds,9,5,2,0
396096,card,customer,payment_authorization,insufficient_funds,7,6,1,0
401500,card,customer,payment_authentication,incorrect_pin,22,6,2,1
73653,netbanking,gateway,payment_processing,payment_timed_out,17,0,1,1
175658,wallet,unknown,unknown,unknown,3,2,5,0
339159,wallet,bank,payment_processing,bank_unavailable,5,3,1,0
436899,netbanking,customer,payment_authentication,expired_card,1,1,4,0
368774,upi,unknown,unknown,unknown,6,6,3,1
236376,wallet,customer,payment_authentication,expired_card,15,4,2,0
150683,netbanking,customer,payment_authentication,expired_card,22,5,5,0
455075,netbanking,bank,payment_processing,bank_unavailable,11,1,1,0
437414,netbanking,customer,payment_authentication,expired_card,1,5,5,0
448516,wallet,customer,payment_authentication,expired_card,1,0,4,0
153051,wallet,gateway,payment_processing,payment_timed_out,9,0,4,0
218776,netbanking,customer,payment_authentication,expired_card,6,4,5,0
122672,netbanking,customer,payment_authentication,expired_card,13,0,3,1
477317,netbanking,customer,payment_authentication,incorrect_pin,2,1,2,1
433682,card,unknown,unknown,unknown,5,5,1,1
87460,card,unknown,unknown,unknown,13,3,5,0
124263,netbanking,customer,payment_authorization,insufficient_funds,6,2,3,0
276473,upi,customer,payment_authorization,insufficient_funds,8,2,5,0
208336,card,unknown,unknown,unknown,5,4,2,0
230492,netbanking,customer,payment_authorization,insufficient_funds,1,6,5,1
184593,wallet,gateway,payment_processing,payment_timed_out,8,5,5,0
337294,netbanking,gateway,payment_processing,payment_timed_out,7,2,2,1
449133,card,unknown,unknown,unknown,21,2,3,0
458694,card,customer,payment_authentication,incorrect_pin,21,0,4,1
228163,netbanking,bank,payment_processing,bank_unavailable,10,1,2,0
414118,netbanking,customer,payment_authentication,expired_card,6,1,1,0
347460,upi,unknown,unknown,unknown,10,2,2,0
99257,netbanking,customer,payment_authorization,insufficient_funds,14,6,3,0
397226,card,customer,payment_authorization,insufficient_funds,9,6,1,0
175858,netbanking,customer,payment_authorization,insufficient_funds,18,0,2,1
314324,wallet,gateway,payment_processing,payment_timed_out,23,2,5,0
360597,wallet,unknown,unknown,unknown,9,0,1,0
471904,netbanking,customer,payment_authentication,incorrect_pin,2,0,1,1
474211,card,customer,payment_authorization,insufficient_funds,2,2,3,0
401452,card,customer,payment_authorization,insufficient_funds,20,6,1,1
253487,upi,unknown,unknown,unknown,9,1,1,1
200703,wallet,bank,payment_processing,bank_unavailable,7,4,1,1
221173,wallet,customer,payment_authorization,insufficient_funds,14,2,1,0
475456,wallet,customer,payment_authorization,insufficient_funds,22,3,5,0
103311,card,customer,payment_authentication,expired_card,10,6,1,1
262763,card,bank,payment_processing,bank_unavailable,7,5,3,0
340100,wallet,customer,payment_authentication,incorrect_pin,20,5,4,0
12266,netbanking,gateway,payment_processing,payment_timed_out,1,2,4,0
317812,netbanking,bank,payment_processing,bank_unavailable,20,0,4,1
130746,card,customer,payment_authorization,insufficient_funds,12,6,2,0
141042,card,gateway,payment_processing,payment_timed_out,0,6,5,0
311243,netbanking,gateway,payment_processing,payment_timed_out,5,6,1,1
5436,wallet,customer,payment_authentication,incorrect_pin,16,3,1,0
79250,card,customer,payment_authentication,incorrect_pin,18,1,5,0
228030,wallet,customer,payment_authentication,incorrect_pin,4,1,1,0
292450,upi,gateway,payment_processing,payment_timed_out,15,2,1,0
55450,card,customer,payment_authentication,expired_card,23,2,1,0
181437,wallet,gateway,payment_processing,payment_timed_out,16,1,1,0
154466,wallet,customer,payment_authentication,expired_card,16,6,1,0
267658,wallet,bank,payment_processing,bank_unavailable,4,4,3,1
150998,card,customer,payment_authentication,expired_card,15,1,4,0
1935,wallet,gateway,payment_processing,payment_timed_out,17,4,1,0
265508,wallet,bank,payment_processing,bank_unavailable,2,4,5,1
424363,wallet,unknown,unknown,unknown,7,3,1,0
292786,upi,unknown,unknown,unknown,21,6,4,0
181601,netbanking,gateway,payment_processing,payment_timed_out,23,6,5,1
241705,wallet,unknown,unknown,unknown,4,3,3,0
70939,wallet,bank,payment_processing,bank_unavailable,17,3,3,0
119079,upi,customer,payment_authentication,incorrect_pin,12,1,1,1
219520,wallet,bank,payment_processing,bank_unavailable,14,5,2,1
296576,upi,gateway,payment_processing,payment_timed_out,12,6,5,0
243602,card,gateway,payment_processing,payment_timed_out,20,4,2,1
481481,netbanking,bank,payment_processing,bank_unavailable,10,1,1,0
319064,card,customer,payment_authorization,insufficient_funds,14,3,4,0
12473,netbanking,bank,payment_processing,bank_unavailable,16,5,4,1
262757,upi,gateway,payment_processing,payment_timed_out,13,0,1,1
291820,netbanking,customer,payment_authentication,incorrect_pin,21,4,1,0
22718,netbanking,customer,payment_authorization,insufficient_funds,5,4,1,0
193124,netbanking,customer,payment_authorization,insufficient_funds,22,3,1,0
435885,card,gateway,payment_processing,payment_timed_out,16,4,4,0
179090,card,bank,payment_processing,bank_unavailable,23,6,1,1
228798,card,customer,payment_authentication,incorrect_pin,8,0,4,0
111359,card,customer,payment_authorization,insufficient_funds,11,3,1,0
39416,netbanking,customer,payment_authentication,incorrect_pin,1,5,5,1
159783,card,bank,payment_processing,bank_unavailable,22,5,4,1
386642,card,unknown,unknown,unknown,19,3,2,0
491601,card,customer,payment_authentication,expired_card,7,6,3,0
330417,upi,unknown,unknown,unknown,1,2,1,0
415613,netbanking,gateway,payment_processing,payment_timed_out,16,3,1,0
325070,wallet,unknown,unknown,unknown,16,5,3,1
329703,card,customer,payment_authorization,insufficient_funds,12,3,1,0
214030,wallet,unknown,unknown,unknown,3,2,4,0
31543,netbanking,customer,payment_authorization,insufficient_funds,22,3,2,0
205838,upi,bank,payment_processing,bank_unavailable,10,4,1,0
432572,card,gateway,payment_processing,payment_timed_out,17,6,3,1
268633,upi,customer,payment_authorization,insufficient_funds,20,4,3,0
381223,upi,customer,payment_authorization,insufficient_funds,13,1,4,0
26246,card,customer,payment_authentication,incorrect_pin,2,0,1,1
101423,card,customer,payment_authentication,incorrect_pin,21,6,3,1
150180,wallet,customer,payment_authentication,expired_card,16,2,5,0
180312,upi,unknown,unknown,unknown,21,1,2,1
493960,wallet,customer,payment_authorization,insufficient_funds,14,1,5,0
231499,upi,bank,payment_processing,bank_unavailable,21,0,4,1
331434,upi,unknown,unknown,unknown,20,1,3,0
322582,netbanking,gateway,payment_processing,payment_timed_out,5,5,5,1
210048,wallet,customer,payment_authentication,incorrect_pin,4,4,5,0
483198,netbanking,customer,payment_authentication,expired_card,3,4,2,0
111959,upi,customer,payment_authentication,incorrect_pin,19,0,5,0
18231,upi,customer,payment_authorization,insufficient_funds,5,4,1,0
372860,card,customer,payment_authorization,insufficient_funds,10,6,1,0
327248,card,customer,payment_authentication,expired_card,18,6,1,0
130885,wallet,customer,payment_authorization,insufficient_funds,10,2,2,1
434114,card,customer,payment_authorization,insufficient_funds,1,4,5,0
82022,upi,customer,payment_authorization,insufficient_funds,8,2,4,0
126232,wallet,bank,payment_processing,bank_unavailable,2,6,4,1
78103,upi,customer,payment_authentication,expired_card,9,6,1,0
93936,upi,bank,payment_processing,bank_unavailable,17,1,3,1
364903,card,customer,payment_authorization,insufficient_funds,12,3,2,0
352039,card,customer,payment_authentication,expired_card,16,1,3,0
321762,netbanking,customer,payment_authentication,expired_card,2,4,2,0
430521,wallet,customer,payment_authentication,incorrect_pin,18,2,2,1
35833,wallet,unknown,unknown,unknown,10,4,5,0
310593,card,unknown,unknown,unknown,6,6,3,1
58406,wallet,customer,payment_authentication,expired_card,15,6,3,0
477877,netbanking,customer,payment_authentication,expired_card,3,1,1,0
317290,upi,gateway,payment_processing,payment_timed_out,11,0,4,1
380204,wallet,bank,payment_processing,bank_unavailable,10,5,3,1
285987,upi,bank,payment_processing,bank_unavailable,3,0,2,0
192450,netbanking,bank,payment_processing,bank_unavailable,22,2,4,0
343314,wallet,customer,payment_authentication,incorrect_pin,8,6,1,1
418040,upi,unknown,unknown,unknown,0,3,3,0
89841,card,customer,payment_authorization,insufficient_funds,10,0,5,0
436052,card,customer,payment_authorization,insufficient_funds,23,6,3,0
363568,wallet,unknown,unknown,unknown,16,4,1,0
43836,upi,customer,payment_authentication,expired_card,15,2,2,0
468113,netbanking,customer,payment_authentication,expired_card,21,4,1,0
90936,card,customer,payment_authorization,insufficient_funds,2,4,3,0
300924,upi,customer,payment_authorization,insufficient_funds,13,3,2,1
65667,netbanking,gateway,payment_processing,payment_timed_out,7,6,1,1
98869,wallet,bank,payment_processing,bank_unavailable,16,5,4,0
321854,netbanking,customer,payment_authentication,incorrect_pin,20,1,1,1
340093,upi,unknown,unknown,unknown,1,6,2,0
343797,upi,bank,payment_processing,bank_unavailable,3,6,5,0
172198,card,gateway,payment_processing,payment_timed_out,22,0,1,1
410288,netbanking,bank,payment_processing,bank_unavailable,11,2,2,0
25594,netbanking,customer,payment_authentication,expired_card,7,4,2,1
427290,upi,gateway,payment_processing,payment_timed_out,3,6,3,1
151867,netbanking,unknown,unknown,unknown,8,5,2,0
310701,card,customer,payment_authorization,insufficient_funds,0,4,5,0
452887,netbanking,gateway,payment_processing,payment_timed_out,5,2,1,0
128488,wallet,unknown,unknown,unknown,4,0,5,0
206158,netbanking,customer,payment_authentication,expired_card,2,6,3,0
414335,upi,customer,payment_authentication,incorrect_pin,23,3,1,1
432468,wallet,customer,payment_authorization,insufficient_funds,18,3,1,1
118374,upi,customer,payment_authorization,insufficient_funds,22,6,1,1
254821,wallet,customer,payment_authentication,incorrect_pin,5,1,2,1
167332,upi,gateway,payment_processing,payment_timed_out,6,1,2,0
258972,netbanking,unknown,unknown,unknown,6,5,4,0
190199,upi,customer,payment_authentication,expired_card,13,1,2,1
3602,upi,customer,payment_authentication,expired_card,4,6,4,0
462337,netbanking,gateway,payment_processing,payment_timed_out,5,6,2,0
318915,netbanking,bank,payment_processing,bank_unavailable,23,0,2,1
231372,upi,bank,payment_processing,bank_unavailable,8,3,2,0
54799,wallet,customer,payment_authentication,expired_card,18,5,2,0
36563,card,customer,payment_authorization,insufficient_funds,5,3,5,0
239895,card,customer,payment_authentication,incorrect_pin,22,1,2,1
324895,card,customer,payment_authentication,expired_card,16,0,2,0
130898,card,gateway,payment_processing,payment_timed_out,20,0,5,0
372452,upi,customer,payment_authentication,incorrect_pin,12,1,4,1
196799,card,customer,payment_authorization,insufficient_funds,21,1,1,1
6524,upi,customer,payment_authorization,insufficient_funds,8,2,5,1
269002,upi,gateway,payment_processing,payment_timed_out,11,5,1,1
91354,card,customer,payment_authentication,expired_card,1,3,1,0
8217,netbanking,customer,payment_authentication,expired_card,4,0,3,0
65926,wallet,customer,payment_authentication,expired_card,18,0,4,0
143007,card,customer,payment_authorization,insufficient_funds,7,0,1,1
257916,card,gateway,payment_processing,payment_timed_out,2,2,4,1
494817,wallet,customer,payment_authentication,incorrect_pin,7,5,1,1
109928,netbanking,customer,payment_authentication,incorrect_pin,8,0,4,0
29642,wallet,gateway,payment_processing,payment_timed_out,17,2,1,0
96439,wallet,customer,payment_authentication,expired_card,2,3,3,0
160377,wallet,customer,payment_authorization,insufficient_funds,0,1,4,0
103418,wallet,bank,payment_processing,bank_unavailable,17,0,2,1
161389,card,customer,payment_authentication,incorrect_pin,3,1,4,1
484560,card,gateway,payment_processing,payment_timed_out,10,1,4,0
190313,card,gateway,payment_processing,payment_timed_out,16,5,4,0
317724,upi,customer,payment_authorization,insufficient_funds,12,6,2,1
342706,netbanking,bank,payment_processing,bank_unavailable,2,4,4,0
65940,netbanking,customer,payment_authorization,insufficient_funds,17,5,4,0
124624,wallet,bank,payment_processing,bank_unavailable,1,5,2,0
208442,upi,customer,payment_authorization,insufficient_funds,5,6,4,0
230674,card,customer,payment_authorization,insufficient_funds,2,0,5,0
7576,upi,bank,payment_processing,bank_unavailable,12,6,5,0
322787,wallet,unknown,unknown,unknown,16,3,4,0
151045,card,gateway,payment_processing,payment_timed_out,15,3,4,0
161839,upi,customer,payment_authorization,insufficient_funds,3,5,5,0
301900,netbanking,unknown,unknown,unknown,8,3,2,0
474438,wallet,customer,payment_authorization,insufficient_funds,3,1,4,0
432617,wallet,unknown,unknown,unknown,8,0,1,1
489857,upi,customer,payment_authorization,insufficient_funds,5,1,2,1
207338,card,customer,payment_authentication,expired_card,17,0,5,0
60717,upi,customer,payment_authorization,insufficient_funds,18,2,2,1
108774,card,gateway,payment_processing,payment_timed_out,19,5,5,1
172566,netbanking,customer,payment_authorization,insufficient_funds,4,2,3,1
150820,card,unknown,unknown,unknown,0,4,2,0
104778,upi,customer,payment_authentication,incorrect_pin,0,1,1,1
76287,netbanking,customer,payment_authentication,expired_card,20,4,3,0
94208,upi,customer,payment_authentication,incorrect_pin,21,6,3,0
329481,upi,unknown,unknown,unknown,5,2,3,0
245999,upi,bank,payment_processing,bank_unavailable,21,3,1,0
19742,upi,gateway,payment_processing,payment_timed_out,12,6,2,1
282350,card,unknown,unknown,unknown,4,4,1,0
421334,wallet,customer,payment_authentication,expired_card,7,2,2,0
213400,wallet,customer,payment_authentication,incorrect_pin,6,0,5,0
159979,upi,customer,payment_authorization,insufficient_funds,18,6,1,0
137005,upi,customer,payment_authorization,insufficient_funds,4,4,4,0
190329,card,unknown,unknown,unknown,4,0,1,1
140032,netbanking,unknown,unknown,unknown,17,3,3,0
462183,netbanking,bank,payment_processing,bank_unavailable,7,6,5,0
496072,wallet,unknown,unknown,unknown,6,6,2,0
172300,card,customer,payment_authorization,insufficient_funds,19,1,1,1
461915,upi,gateway,payment_processing,payment_timed_out,22,2,3,0
426944,upi,bank,payment_processing,bank_unavailable,13,6,2,1
38873,upi,customer,payment_authorization,insufficient_funds,19,5,5,0
245928,upi,customer,payment_authorization,insufficient_funds,20,3,5,0
328619,wallet,bank,payment_processing,bank_unavailable,14,2,4,0
211643,card,bank,payment_processing,bank_unavailable,19,5,4,0
228982,wallet,customer,payment_authorization,insufficient_funds,0,4,4,1
247589,netbanking,bank,payment_processing,bank_unavailable,0,3,4,0
344718,netbanking,customer,payment_authentication,incorrect_pin,21,6,3,0
147588,card,unknown,unknown,unknown,3,2,5,1
298883,wallet,bank,payment_processing,bank_unavailable,17,4,2,0
122502,upi,customer,payment_authentication,incorrect_pin,10,0,1,1
444737,upi,customer,payment_authentication,expired_card,18,4,4,0
43252,card,unknown,unknown,unknown,15,3,4,0
34427,card,bank,payment_processing,bank_unavailable,1,6,5,0
19827,netbanking,unknown,unknown,unknown,8,2,2,0
175449,netbanking,customer,payment_authentication,expired_card,17,6,3,0
303517,netbanking,gateway,payment_processing,payment_timed_out,22,4,3,0
492762,card,customer,payment_authorization,insufficient_funds,19,1,2,0
227868,card,customer,payment_authentication,incorrect_pin,21,1,4,0
91960,wallet,bank,payment_processing,bank_unavailable,22,1,3,0
184754,upi,unknown,unknown,unknown,21,2,4,0
64539,netbanking,gateway,payment_processing,payment_timed_out,13,3,3,0
236522,netbanking,gateway,payment_processing,payment_timed_out,8,6,2,0
364757,wallet,unknown,unknown,unknown,12,6,5,0
18730,netbanking,bank,payment_processing,bank_unavailable,19,4,3,1
388940,card,customer,payment_authorization,insufficient_funds,10,3,4,0
115052,card,unknown,unknown,unknown,19,4,3,0
336465,card,customer,payment_authentication,expired_card,16,2,2,1
407933,card,customer,payment_authorization,insufficient_funds,5,1,5,0
388322,upi,customer,payment_authorization,insufficient_funds,22,3,2,0
335271,netbanking,unknown,unknown,unknown,20,5,5,0
347167,upi,customer,payment_authentication,incorrect_pin,14,0,3,0
94623,netbanking,customer,payment_authentication,incorrect_pin,4,0,1,0
68749,wallet,gateway,payment_processing,payment_timed_out,5,1,1,0
191245,wallet,customer,payment_authentication,incorrect_pin,20,1,5,1
304503,upi,customer,payment_authorization,insufficient_funds,0,1,3,0
309465,wallet,unknown,unknown,unknown,11,0,2,1
388662,upi,bank,payment_processing,bank_unavailable,14,0,5,0
154939,card,gateway,payment_processing,payment_timed_out,5,2,4,1
432893,upi,bank,payment_processing,bank_unavailable,20,5,4,0
225125,upi,customer,payment_authentication,incorrect_pin,12,1,4,1
123871,upi,customer,payment_authorization,insufficient_funds,1,2,1,0
367974,upi,gateway,payment_processing,payment_timed_out,7,6,1,1
64588,wallet,customer,payment_authentication,incorrect_pin,9,1,4,1
203251,upi,customer,payment_authentication,expired_card,5,6,1,1
390764,card,bank,payment_processing,bank_unavailable,22,3,4,0
385783,netbanking,bank,payment_processing,bank_unavailable,8,5,1,1
129017,wallet,unknown,unknown,unknown,12,2,2,1
84109,wallet,customer,payment_authentication,expired_card,12,2,4,1
16932,upi,customer,payment_authentication,expired_card,5,2,4,0
45598,wallet,bank,payment_processing,bank_unavailable,13,0,4,1
412782,netbanking,bank,payment_processing,bank_unavailable,8,2,4,0
392019,upi,gateway,payment_processing,payment_timed_out,0,6,1,0
253490,card,customer,payment_authentication,incorrect_pin,9,0,5,1
285485,wallet,customer,payment_authorization,insufficient_funds,14,4,2,1
163990,card,customer,payment_authentication,expired_card,2,4,1,1
96831,upi,customer,payment_authentication,expired_card,18,0,5,0
6703,wallet,customer,payment_authentication,incorrect_pin,15,0,1,1
336270,wallet,gateway,payment_processing,payment_timed_out,7,3,3,1
18628,wallet,customer,payment_authentication,expired_card,14,1,3,0
53407,wallet,customer,payment_authorization,insufficient_funds,7,6,4,0
396519,wallet,gateway,payment_processing,payment_timed_out,15,1,1,1
291833,card,unknown,unknown,unknown,3,0,1,0
245363,upi,bank,payment_processing,bank_unavailable,14,2,3,1
109979,netbanking,customer,payment_authorization,insufficient_funds,1,2,3,0
75711,upi,customer,payment_authorization,insufficient_funds,0,1,4,0
233783,card,customer,payment_authentication,expired_card,6,4,4,0
179894,netbanking,customer,payment_authentication,incorrect_pin,4,2,1,0
267524,wallet,bank,payment_processing,bank_unavailable,11,3,5,0
83487,card,customer,payment_authentication,incorrect_pin,3,1,3,0
116491,card,customer,payment_authentication,incorrect_pin,5,0,5,0
57328,netbanking,bank,payment_processing,bank_unavailable,2,0,5,0
212815,upi,gateway,payment_processing,payment_timed_out,21,0,1,0
138877,netbanking,unknown,unknown,unknown,17,6,3,0
112507,netbanking,customer,payment_authentication,incorrect_pin,5,1,3,1
275205,netbanking,customer,payment_authorization,insufficient_funds,2,2,3,0
249209,card,bank,payment_processing,bank_unavailable,20,4,2,1
105793,wallet,customer,payment_authentication,expired_card,16,0,3,0
349817,card,unknown,unknown,unknown,21,4,3,0
172492,netbanking,gateway,payment_processing,payment_timed_out,4,3,1,0
171341,card,customer,payment_authentication,expired_card,8,5,2,1
239487,upi,customer,payment_authentication,incorrect_pin,2,0,1,1
70384,netbanking,customer,payment_authentication,incorrect_pin,10,0,5,0
210595,upi,customer,payment_authentication,incorrect_pin,3,5,4,0
291616,wallet,customer,payment_authentication,expired_card,0,2,2,0
65185,netbanking,customer,payment_authorization,insufficient_funds,12,0,2,0
282883,card,customer,payment_authorization,insufficient_funds,23,3,1,1
20393,card,gateway,payment_processing,payment_timed_out,15,3,2,0
302140,netbanking,gateway,payment_processing,payment_timed_out,18,6,5,0
18693,card,bank,payment_processing,bank_unavailable,19,6,1,0
88367,card,unknown,unknown,unknown,23,3,1,0
175739,card,gateway,payment_processing,payment_timed_out,3,1,5,0
307698,card,gateway,payment_processing,payment_timed_out,6,5,3,0
359682,wallet,unknown,unknown,unknown,14,1,1,0
234995,upi,customer,payment_authorization,insufficient_funds,19,5,3,0
66496,wallet,gateway,payment_processing,payment_timed_out,18,4,4,0
194354,card,unknown,unknown,unknown,17,2,2,1
393703,netbanking,unknown,unknown,unknown,7,6,2,1
46068,upi,customer,payment_authentication,expired_card,8,3,4,0
358122,card,gateway,payment_processing,payment_timed_out,1,2,3,0
193501,wallet,unknown,unknown,unknown,7,1,5,0
2967,card,unknown,unknown,unknown,3,4,2,0
347599,upi,unknown,unknown,unknown,22,1,2,0
14347,netbanking,gateway,payment_processing,payment_timed_out,2,1,1,0
185456,upi,bank,payment_processing,bank_unavailable,8,0,4,0
98321,card,gateway,payment_processing,payment_timed_out,21,4,3,0
292410,card,bank,payment_processing,bank_unavailable,22,6,2,1
29004,netbanking,gateway,payment_processing,payment_timed_out,9,1,4,1
46433,netbanking,gateway,payment_processing,payment_timed_out,11,1,2,0
266140,netbanking,unknown,unknown,unknown,12,4,1,0
496975,wallet,customer,payment_authentication,expired_card,19,1,3,0
20774,upi,bank,payment_processing,bank_unavailable,18,0,3,0
230913,card,customer,payment_authentication,incorrect_pin,12,4,3,1
401521,upi,customer,payment_authentication,expired_card,8,3,3,0
146086,upi,customer,payment_authentication,expired_card,8,0,5,0
246988,upi,customer,payment_authentication,expired_card,15,1,2,0
419504,netbanking,gateway,payment_processing,payment_timed_out,20,1,2,1
364249,wallet,unknown,unknown,unknown,1,4,3,0
147313,wallet,customer,payment_authentication,incorrect_pin,18,4,1,1
375601,netbanking,bank,payment_processing,bank_unavailable,11,5,1,1
338208,wallet,gateway,payment_processing,payment_timed_out,3,0,3,0
253875,upi,gateway,payment_processing,payment_timed_out,2,5,3,0
221125,wallet,gateway,payment_processing,payment_timed_out,8,1,4,0
462757,wallet,gateway,payment_processing,payment_timed_out,5,6,1,0
437266,upi,unknown,unknown,unknown,2,6,5,1
495131,card,unknown,unknown,unknown,7,3,3,0
338016,wallet,customer,payment_authentication,expired_card,20,5,1,0
180248,card,customer,payment_authorization,insufficient_funds,17,4,2,1
55698,wallet,customer,payment_authentication,expired_card,5,5,2,0
63806,wallet,gateway,payment_processing,payment_timed_out,16,0,3,0
475646,card,customer,payment_authentication,incorrect_pin,10,0,3,0
182256,upi,gateway,payment_processing,payment_timed_out,17,6,3,0
56110,card,customer,payment_authentication,expired_card,5,5,3,0
112453,upi,unknown,unknown,unknown,1,4,5,0
11419,card,customer,payment_authorization,insufficient_funds,7,2,5,1
265972,netbanking,unknown,unknown,unknown,23,2,3,0
295886,card,bank,payment_processing,bank_unavailable,13,2,5,1
189815,upi,customer,payment_authentication,expired_card,1,3,5,0
372317,card,customer,payment_authentication,expired_card,23,4,5,0
240744,netbanking,customer,payment_authentication,expired_card,19,5,2,0
480010,upi,unknown,unknown,unknown,13,2,3,1
381831,upi,customer,payment_authorization,insufficient_funds,17,5,2,0
38576,wallet,gateway,payment_processing,payment_timed_out,4,0,1,1
137736,upi,unknown,unknown,unknown,14,5,1,0
377359,card,customer,payment_authorization,insufficient_funds,21,4,4,0
269200,upi,customer,payment_authorization,insufficient_funds,10,3,3,0
376856,upi,bank,payment_processing,bank_unavailable,0,2,5,0
168245,card,gateway,payment_processing,payment_timed_out,18,2,4,1
20032,netbanking,unknown,unknown,unknown,17,2,1,1
392696,upi,gateway,payment_processing,payment_timed_out,17,6,5,0
392730,upi,gateway,payment_processing,payment_timed_out,15,0,3,1
320129,upi,bank,payment_processing,bank_unavailable,3,4,3,0
202779,netbanking,customer,payment_authentication,expired_card,2,6,5,0
5243,wallet,customer,payment_authorization,insufficient_funds,19,3,4,0
364199,upi,bank,payment_processing,bank_unavailable,20,4,1,1
330366,card,customer,payment_authorization,insufficient_funds,1,4,1,0
334162,card,customer,payment_authentication,incorrect_pin,13,3,3,0
85911,card,unknown,unknown,unknown,12,4,1,0
365879,upi,gateway,payment_processing,payment_timed_out,8,6,1,1
362513,upi,customer,payment_authentication,expired_card,15,4,4,0
428884,netbanking,customer,payment_authentication,incorrect_pin,21,5,1,1
284102,card,customer,payment_authentication,incorrect_pin,19,3,1,1
366040,card,customer,payment_authentication,incorrect_pin,3,5,3,0
201340,card,gateway,payment_processing,payment_timed_out,11,6,1,1
348641,wallet,customer,payment_authorization,insufficient_funds,22,1,2,1
347339,netbanking,customer,payment_authorization,insufficient_funds,5,6,5,0
390016,card,unknown,unknown,unknown,20,4,4,0
428440,upi,unknown,unknown,unknown,11,3,5,0
2590,wallet,gateway,payment_processing,payment_timed_out,12,5,2,1
389593,wallet,customer,payment_authorization,insufficient_funds,6,1,4,1
396449,upi,customer,payment_authentication,expired_card,22,4,2,0
273144,wallet,customer,payment_authorization,insufficient_funds,12,4,2,0
260296,netbanking,unknown,unknown,unknown,13,6,1,0
361625,upi,customer,payment_authentication,incorrect_pin,11,4,5,0
228190,wallet,gateway,payment_processing,payment_timed_out,2,3,1,0
207543,upi,customer,payment_authentication,expired_card,18,3,2,0
401876,upi,gateway,payment_processing,payment_timed_out,7,3,3,0
394724,upi,bank,payment_processing,bank_unavailable,5,6,3,0
104263,card,customer,payment_authentication,incorrect_pin,18,5,2,1
414697,netbanking,gateway,payment_processing,payment_timed_out,4,0,2,0
163919,card,customer,payment_authentication,expired_card,16,3,2,1
69509,upi,bank,payment_processing,bank_unavailable,11,2,5,0
439330,upi,bank,payment_processing,bank_unavailable,19,1,3,0
119777,wallet,bank,payment_processing,bank_unavailable,1,6,5,0
102281,wallet,bank,payment_processing,bank_unavailable,18,6,5,0
135724,wallet,customer,payment_authorization,insufficient_funds,5,6,4,0
246281,upi,customer,payment_authorization,insufficient_funds,20,2,5,0
83874,wallet,customer,payment_authorization,insufficient_funds,8,2,1,0
80618,netbanking,customer,payment_authentication,incorrect_pin,0,5,5,0
196875,netbanking,unknown,unknown,unknown,11,1,3,0
109751,upi,customer,payment_authorization,insufficient_funds,1,0,4,0
97323,wallet,customer,payment_authentication,incorrect_pin,6,2,2,0
456170,card,customer,payment_authentication,incorrect_pin,17,4,1,1
298174,upi,unknown,unknown,unknown,13,3,5,0
7894,upi,bank,payment_processing,bank_unavailable,17,1,3,0
51706,card,customer,payment_authorization,insufficient_funds,21,3,1,0
407156,upi,bank,payment_processing,bank_unavailable,11,6,4,1
135689,card,customer,payment_authentication,incorrect_pin,13,1,1,1
77046,card,customer,payment_authorization,insufficient_funds,1,2,3,1
333095,wallet,customer,payment_authorization,insufficient_funds,6,2,4,1
419176,upi,gateway,payment_processing,payment_timed_out,17,2,4,0
199874,netbanking,customer,payment_authentication,incorrect_pin,1,4,3,1
371696,wallet,bank,payment_processing,bank_unavailable,8,2,2,0
211310,wallet,gateway,payment_processing,payment_timed_out,3,4,5,1
55295,wallet,unknown,unknown,unknown,20,0,1,0
399165,upi,customer,payment_authentication,expired_card,13,4,1,0
459556,wallet,customer,payment_authorization,insufficient_funds,15,0,1,0
492272,wallet,bank,payment_processing,bank_unavailable,16,2,5,1
50930,card,customer,payment_authorization,insufficient_funds,5,6,3,0
282969,card,customer,payment_authentication,expired_card,1,2,1,0
312087,netbanking,customer,payment_authorization,insufficient_funds,9,4,1,0
40454,card,customer,payment_authentication,expired_card,4,2,1,1
475873,card,customer,payment_authentication,expired_card,7,6,5,1
52348,wallet,unknown,unknown,unknown,7,6,3,0
135096,wallet,bank,payment_processing,bank_unavailable,18,6,1,1
484282,card,unknown,unknown,unknown,7,2,2,0
278494,wallet,bank,payment_processing,bank_unavailable,3,2,4,1
339938,card,gateway,payment_processing,payment_timed_out,23,4,3,0
247360,wallet,customer,payment_authentication,expired_card,1,5,5,0
376482,netbanking,gateway,payment_processing,payment_timed_out,4,3,1,1
41653,card,bank,payment_processing,bank_unavailable,8,5,1,1
338206,upi,gateway,payment_processing,payment_timed_out,1,6,1,1
34252,netbanking,bank,payment_processing,bank_unavailable,21,5,2,1
90629,card,bank,payment_processing,bank_unavailable,8,2,4,0
253617,upi,bank,payment_processing,bank_unavailable,18,1,4,0
224733,upi,gateway,payment_processing,payment_timed_out,3,3,2,0
77119,wallet,customer,payment_authentication,expired_card,12,4,4,0
399242,upi,customer,payment_authentication,incorrect_pin,3,5,4,1
151630,wallet,gateway,payment_processing,payment_timed_out,5,2,1,1
433315,wallet,gateway,payment_processing,payment_timed_out,9,1,4,1
8481,upi,customer,payment_authentication,incorrect_pin,20,2,3,1
119430,netbanking,unknown,unknown,unknown,7,4,1,0
149129,netbanking,customer,payment_authentication,expired_card,18,1,2,0
298385,card,customer,payment_authentication,incorrect_pin,2,2,4,0
201114,netbanking,bank,payment_processing,bank_unavailable,6,1,4,1
79394,card,unknown,unknown,unknown,14,6,2,0
285961,card,customer,payment_authorization,insufficient_funds,11,3,4,0
479181,card,unknown,unknown,unknown,12,5,2,0
67699,wallet,bank,payment_processing,bank_unavailable,16,3,3,0
126850,netbanking,customer,payment_authorization,insufficient_funds,1,0,1,0
239767,card,bank,payment_processing,bank_unavailable,16,1,5,0
363591,wallet,customer,payment_authentication,expired_card,20,5,5,0
69169,wallet,gateway,payment_processing,payment_timed_out,18,3,1,0
116325,wallet,unknown,unknown,unknown,6,4,3,0
118359,netbanking,customer,payment_authorization,insufficient_funds,8,5,4,0
308411,card,unknown,unknown,unknown,23,3,3,1
42124,wallet,customer,payment_authentication,expired_card,18,4,2,0
329973,card,customer,payment_authentication,incorrect_pin,22,1,5,1
213308,card,unknown,unknown,unknown,21,1,2,1
164885,card,bank,payment_processing,bank_unavailable,10,1,2,1
431216,wallet,customer,payment_authentication,expired_card,3,2,2,0
409598,netbanking,gateway,payment_processing,payment_timed_out,5,4,5,0
401669,card,customer,payment_authentication,incorrect_pin,7,6,3,1
442800,card,customer,payment_authorization,insufficient_funds,20,3,4,1
117721,card,gateway,payment_processing,payment_timed_out,6,4,5,0
427680,netbanking,customer,payment_authorization,insufficient_funds,8,6,5,0
88820,card,customer,payment_authentication,incorrect_pin,20,4,5,1
166068,netbanking,customer,payment_authentication,incorrect_pin,3,1,5,0
278204,card,gateway,payment_processing,payment_timed_out,15,1,5,1
372426,card,customer,payment_authentication,incorrect_pin,13,4,5,1
289258,wallet,customer,payment_authentication,incorrect_pin,23,2,4,1
280186,card,customer,payment_authentication,expired_card,11,1,1,0
188856,upi,customer,payment_authentication,incorrect_pin,12,4,1,1
296722,card,customer,payment_authentication,expired_card,20,4,4,0
238078,netbanking,customer,payment_authentication,expired_card,23,1,2,0
239235,upi,customer,payment_authentication,expired_card,17,0,5,0
293275,card,bank,payment_processing,bank_unavailable,16,5,5,1
300530,upi,gateway,payment_processing,payment_timed_out,21,2,4,0
165651,netbanking,customer,payment_authentication,expired_card,23,4,4,0
68691,netbanking,bank,payment_processing,bank_unavailable,17,1,2,0
150480,wallet,customer,payment_authentication,incorrect_pin,7,2,3,1
205015,card,customer,payment_authorization,insufficient_funds,15,4,5,0
81301,wallet,customer,payment_authentication,incorrect_pin,5,0,5,1
89658,upi,customer,payment_authentication,incorrect_pin,12,2,2,1
475544,wallet,customer,payment_authorization,insufficient_funds,10,5,5,0
140772,netbanking,customer,payment_authorization,insufficient_funds,23,5,3,0
369752,wallet,customer,payment_authentication,incorrect_pin,13,2,5,1
64779,wallet,customer,payment_authorization,insufficient_funds,23,0,3,0
486180,netbanking,customer,payment_authentication,expired_card,19,0,4,0
107035,card,customer,payment_authorization,insufficient_funds,20,3,1,0
197535,netbanking,customer,payment_authorization,insufficient_funds,4,4,2,1
391183,wallet,customer,payment_authentication,incorrect_pin,18,4,4,1
101516,wallet,customer,payment_authentication,incorrect_pin,6,2,5,1
275368,wallet,customer,payment_authentication,incorrect_pin,13,0,1,1
392966,upi,bank,payment_processing,bank_unavailable,11,1,1,1
12797,netbanking,customer,payment_authentication,expired_card,6,0,4,0
13658,upi,gateway,payment_processing,payment_timed_out,23,3,3,0
394474,netbanking,customer,payment_authentication,expired_card,21,2,5,0
132108,wallet,customer,payment_authentication,expired_card,13,0,1,1
454825,upi,unknown,unknown,unknown,0,4,2,0
463770,netbanking,customer,payment_authorization,insufficient_funds,4,2,1,1
440335,wallet,gateway,payment_processing,payment_timed_out,5,6,4,0
498394,wallet,unknown,unknown,unknown,23,2,5,0
411686,card,customer,payment_authentication,expired_card,9,0,1,0
192356,upi,unknown,unknown,unknown,1,4,2,1
496116,wallet,customer,payment_authentication,incorrect_pin,14,4,5,0
173588,wallet,unknown,unknown,unknown,22,6,1,1
293615,netbanking,customer,payment_authentication,expired_card,13,4,5,0
3851,wallet,customer,payment_authorization,insufficient_funds,10,2,5,0
481332,upi,customer,payment_authentication,incorrect_pin,4,4,1,0
296334,netbanking,gateway,payment_processing,payment_timed_out,21,5,1,1
474474,upi,bank,payment_processing,bank_unavailable,2,3,4,1
177062,wallet,customer,payment_authorization,insufficient_funds,22,5,1,0
157306,netbanking,bank,payment_processing,bank_unavailable,5,6,3,1
261681,wallet,unknown,unknown,unknown,3,5,1,0
431854,netbanking,bank,payment_processing,bank_unavailable,8,3,3,1
274898,upi,customer,payment_authentication,incorrect_pin,0,3,2,0
396444,upi,customer,payment_authorization,insufficient_funds,0,5,4,0
108009,card,customer,payment_authentication,incorrect_pin,4,6,5,1
388124,netbanking,gateway,payment_processing,payment_timed_out,16,1,3,0
366498,upi,gateway,payment_processing,payment_timed_out,19,0,4,1
448245,wallet,unknown,unknown,unknown,5,5,4,1
29761,upi,customer,payment_authentication,expired_card,15,1,5,0
192711,card,gateway,payment_processing,payment_timed_out,8,6,2,1
45261,upi,bank,payment_processing,bank_unavailable,10,0,2,1
200627,card,customer,payment_authentication,expired_card,8,6,2,1
379691,card,customer,payment_authentication,incorrect_pin,21,4,4,1
320386,upi,customer,payment_authentication,expired_card,12,2,5,0
376745,netbanking,customer,payment_authentication,expired_card,12,0,2,0
369165,wallet,customer,payment_authentication,incorrect_pin,20,5,1,1
496133,wallet,customer,payment_authentication,expired_card,15,0,4,0
439989,card,gateway,payment_processing,payment_timed_out,3,0,3,1
293538,wallet,bank,payment_processing,bank_unavailable,4,5,2,1
438047,wallet,customer,payment_authentication,expired_card,8,4,1,1
24907,wallet,customer,payment_authorization,insufficient_funds,2,0,5,0
360949,card,customer,payment_authorization,insufficient_funds,16,2,5,1
261495,wallet,customer,payment_authentication,incorrect_pin,11,4,4,1
478490,netbanking,customer,payment_authorization,insufficient_funds,1,4,3,1
252375,upi,gateway,payment_processing,payment_timed_out,9,2,2,1
90135,card,unknown,unknown,unknown,19,2,3,0
362330,netbanking,customer,payment_authentication,expired_card,21,0,1,0
475220,upi,customer,payment_authentication,expired_card,23,0,2,0
9072,card,customer,payment_authentication,expired_card,22,6,3,0
33031,wallet,bank,payment_processing,bank_unavailable,14,1,3,0
330982,upi,bank,payment_processing,bank_unavailable,22,6,1,1
278255,card,customer,payment_authentication,expired_card,22,0,5,0
274753,upi,gateway,payment_processing,payment_timed_out,15,6,2,0
46008,netbanking,bank,payment_processing,bank_unavailable,9,2,3,0
286480,upi,customer,payment_authentication,expired_card,23,5,3,0
284433,wallet,bank,payment_processing,bank_unavailable,9,5,3,0
424791,upi,customer,payment_authorization,insufficient_funds,3,2,5,0
195665,wallet,customer,payment_authorization,insufficient_funds,2,5,4,0
174604,wallet,customer,payment_authentication,incorrect_pin,13,2,5,0
41723,wallet,bank,payment_processing,bank_unavailable,0,5,2,1
283882,wallet,gateway,payment_processing,payment_timed_out,2,6,2,0
324410,upi,gateway,payment_processing,payment_timed_out,5,5,3,0
141082,wallet,unknown,unknown,unknown,12,5,3,0
365868,netbanking,customer,payment_authentication,incorrect_pin,11,2,2,1
469089,wallet,gateway,payment_processing,payment_timed_out,12,0,3,1
87918,wallet,gateway,payment_processing,payment_timed_out,12,3,1,1
286775,netbanking,bank,payment_processing,bank_unavailable,23,0,3,1
347524,card,customer,payment_authorization,insufficient_funds,5,3,4,0
10214,upi,bank,payment_processing,bank_unavailable,11,6,3,0
90344,upi,gateway,payment_processing,payment_timed_out,14,0,5,0
198422,card,unknown,unknown,unknown,6,6,5,0
69560,wallet,customer,payment_authentication,expired_card,4,4,5,0
178402,netbanking,customer,payment_authentication,expired_card,1,0,1,0
74534,card,customer,payment_authentication,expired_card,7,5,5,0
448414,upi,customer,payment_authentication,incorrect_pin,6,0,2,1
299940,netbanking,customer,payment_authentication,expired_card,4,4,3,0
165257,netbanking,customer,payment_authentication,incorrect_pin,6,3,3,0
389617,wallet,unknown,unknown,unknown,16,5,2,0
10189,netbanking,unknown,unknown,unknown,19,2,5,0
298850,netbanking,customer,payment_authentication,expired_card,12,0,4,0
342038,wallet,bank,payment_processing,bank_unavailable,1,2,5,1
404867,card,gateway,payment_processing,payment_timed_out,17,5,5,0
111914,wallet,customer,payment_authentication,expired_card,3,6,3,0
296147,card,gateway,payment_processing,payment_timed_out,1,1,4,1
384071,upi,customer,payment_authentication,expired_card,13,2,3,0
398864,card,customer,payment_authorization,insufficient_funds,10,6,3,1
88649,upi,customer,payment_authentication,incorrect_pin,7,2,4,0
488285,upi,customer,payment_authorization,insufficient_funds,23,1,4,0
137708,wallet,customer,payment_authentication,expired_card,2,5,5,0
196089,wallet,bank,payment_processing,bank_unavailable,1,3,4,1
96837,upi,customer,payment_authentication,expired_card,14,4,4,0
75821,wallet,customer,payment_authorization,insufficient_funds,10,3,5,0
128476,upi,unknown,unknown,unknown,19,4,1,1
68563,card,bank,payment_processing,bank_unavailable,0,1,4,0
366651,netbanking,unknown,unknown,unknown,10,5,2,0
299141,card,bank,payment_processing,bank_unavailable,3,2,3,0
195624,netbanking,bank,payment_processing,bank_unavailable,0,3,4,1
274004,wallet,customer,payment_authentication,expired_card,11,1,2,0
302497,upi,customer,payment_authorization,insufficient_funds,17,0,5,1
92933,upi,customer,payment_authorization,insufficient_funds,3,3,3,0
149182,wallet,bank,payment_processing,bank_unavailable,20,0,2,0
441171,netbanking,gateway,payment_processing,payment_timed_out,12,6,2,0
7036,netbanking,customer,payment_authentication,incorrect_pin,11,6,3,1
478418,card,bank,payment_processing,bank_unavailable,22,2,5,1
482181,card,gateway,payment_processing,payment_timed_out,7,2,1,0
127354,netbanking,gateway,payment_processing,payment_timed_out,4,3,3,0
161035,netbanking,bank,payment_processing,bank_unavailable,18,1,5,0
104234,upi,customer,payment_authentication,incorrect_pin,2,6,3,1
280768,netbanking,customer,payment_authentication,incorrect_pin,20,0,3,0
107747,netbanking,bank,payment_processing,bank_unavailable,19,3,2,1
395551,upi,gateway,payment_processing,payment_timed_out,23,1,1,0
194323,card,customer,payment_authentication,incorrect_pin,11,5,4,1
483750,wallet,unknown,unknown,unknown,14,1,5,0
426761,netbanking,gateway,payment_processing,payment_timed_out,21,3,3,1
201256,upi,customer,payment_authentication,incorrect_pin,3,5,3,1
298384,upi,bank,payment_processing,bank_unavailable,7,3,1,0
13168,netbanking,customer,payment_authorization,insufficient_funds,11,1,5,1
34709,card,unknown,unknown,unknown,15,1,5,0
253508,wallet,customer,payment_authentication,expired_card,16,4,5,0
237017,netbanking,customer,payment_authorization,insufficient_funds,22,0,2,0
199750,wallet,customer,payment_authorization,insufficient_funds,11,2,4,1
46075,upi,customer,payment_authentication,expired_card,4,4,3,0
420094,card,customer,payment_authentication,incorrect_pin,4,2,2,0
203701,upi,customer,payment_authorization,insufficient_funds,19,5,2,1
235536,netbanking,customer,payment_authentication,incorrect_pin,11,4,2,1
202356,upi,customer,payment_authentication,expired_card,15,0,3,0
249177,card,gateway,payment_processing,payment_timed_out,13,5,1,0
324528,card,bank,payment_processing,bank_unavailable,19,6,4,0
382228,upi,customer,payment_authentication,incorrect_pin,5,1,3,1
275178,upi,bank,payment_processing,bank_unavailable,4,2,5,1
83820,netbanking,unknown,unknown,unknown,17,2,2,0
437503,wallet,customer,payment_authorization,insufficient_funds,10,2,1,1
143030,upi,customer,payment_authentication,incorrect_pin,19,3,2,1
9121,card,customer,payment_authentication,incorrect_pin,3,6,5,0
20481,upi,gateway,payment_processing,payment_timed_out,6,4,2,1
387226,wallet,customer,payment_authentication,incorrect_pin,23,6,4,0
194092,card,customer,payment_authentication,expired_card,20,2,5,0
12306,wallet,unknown,unknown,unknown,1,3,2,0
405910,upi,customer,payment_authentication,expired_card,19,0,4,0
152840,upi,bank,payment_processing,bank_unavailable,1,1,2,1
489000,netbanking,customer,payment_authorization,insufficient_funds,2,4,2,1
439952,netbanking,customer,payment_authentication,incorrect_pin,21,1,2,1
25035,wallet,customer,payment_authentication,incorrect_pin,3,6,4,1
345517,wallet,unknown,unknown,unknown,7,1,5,0
302005,wallet,customer,payment_authentication,incorrect_pin,3,1,2,1
86826,netbanking,customer,payment_authentication,incorrect_pin,14,5,2,0
172189,card,gateway,payment_processing,payment_timed_out,1,0,5,0
245901,card,bank,payment_processing,bank_unavailable,6,2,3,0
73911,upi,bank,payment_processing,bank_unavailable,7,1,3,0
361230,card,gateway,payment_processing,payment_timed_out,15,4,4,0
139371,card,customer,payment_authentication,expired_card,11,5,1,1
468735,upi,unknown,unknown,unknown,4,1,5,0
401042,upi,bank,payment_processing,bank_unavailable,11,2,2,1
317526,netbanking,gateway,payment_processing,payment_timed_out,11,3,4,0
60764,card,unknown,unknown,unknown,8,4,3,0
13313,wallet,bank,payment_processing,bank_unavailable,12,2,4,1
73813,card,customer,payment_authorization,insufficient_funds,7,3,4,0
250351,wallet,unknown,unknown,unknown,8,3,1,0
390848,netbanking,customer,payment_authorization,insufficient_funds,18,0,1,1
77328,upi,customer,payment_authentication,incorrect_pin,6,3,5,1
353977,upi,customer,payment_authentication,expired_card,7,3,3,0
24842,netbanking,unknown,unknown,unknown,3,6,2,0
133538,netbanking,customer,payment_authentication,incorrect_pin,16,3,1,0
299657,card,unknown,unknown,unknown,16,6,1,0
414359,netbanking,gateway,payment_processing,payment_timed_out,16,2,5,0
388684,wallet,unknown,unknown,unknown,4,4,5,0
266792,card,bank,payment_processing,bank_unavailable,10,6,2,1
18994,upi,customer,payment_authorization,insufficient_funds,7,1,2,0
147401,card,customer,payment_authentication,expired_card,18,3,3,0
392011,wallet,customer,payment_authentication,incorrect_pin,8,6,1,0
41523,wallet,unknown,unknown,unknown,9,3,3,0
353488,wallet,customer,payment_authentication,expired_card,10,6,4,1
352257,wallet,bank,payment_processing,bank_unavailable,18,2,5,0
376242,upi,customer,payment_authentication,expired_card,16,6,2,0
109399,card,gateway,payment_processing,payment_timed_out,19,4,1,0
123119,upi,customer,payment_authentication,expired_card,10,3,1,0
100052,upi,unknown,unknown,unknown,19,1,2,1
197404,wallet,unknown,unknown,unknown,20,1,4,0
262452,wallet,unknown,unknown,unknown,12,2,1,1
60755,upi,customer,payment_authentication,expired_card,16,5,4,0
284131,netbanking,gateway,payment_processing,payment_timed_out,21,3,3,0
120206,netbanking,customer,payment_authorization,insufficient_funds,20,2,4,0
281511,upi,customer,payment_authentication,incorrect_pin,6,3,3,1
152092,wallet,bank,payment_processing,bank_unavailable,17,2,1,1
477364,wallet,unknown,unknown,unknown,10,5,1,1
160399,netbanking,customer,payment_authentication,incorrect_pin,3,2,3,1
435782,netbanking,customer,payment_authentication,expired_card,8,3,3,0
88345,card,customer,payment_authorization,insufficient_funds,23,3,5,0
43373,wallet,bank,payment_processing,bank_unavailable,22,4,5,0
95167,card,customer,payment_authentication,incorrect_pin,18,2,1,0
210267,wallet,gateway,payment_processing,payment_timed_out,23,0,2,0
450834,upi,gateway,payment_processing,payment_timed_out,13,4,2,1
88948,upi,gateway,payment_processing,payment_timed_out,18,3,1,1
392163,wallet,gateway,payment_processing,payment_timed_out,3,4,1,1
348758,card,customer,payment_authorization,insufficient_funds,7,3,1,0
172894,card,customer,payment_authentication,expired_card,4,3,3,1
168869,wallet,customer,payment_authentication,incorrect_pin,22,6,1,1
473875,upi,bank,payment_processing,bank_unavailable,14,0,1,0
357602,netbanking,customer,payment_authentication,expired_card,22,0,1,1
120222,card,gateway,payment_processing,payment_timed_out,9,6,4,1
456018,upi,customer,payment_authentication,incorrect_pin,9,6,4,1
204003,wallet,gateway,payment_processing,payment_timed_out,16,2,5,0
40768,upi,bank,payment_processing,bank_unavailable,13,3,1,0
406949,upi,unknown,unknown,unknown,8,3,2,0
434495,netbanking,customer,payment_authentication,expired_card,7,6,3,0
222000,wallet,customer,payment_authentication,expired_card,12,3,4,0
352260,upi,gateway,payment_processing,payment_timed_out,1,5,1,1
118078,netbanking,gateway,payment_processing,payment_timed_out,4,2,2,0
425330,netbanking,customer,payment_authentication,incorrect_pin,1,2,3,0
184899,wallet,customer,payment_authentication,expired_card,3,4,1,0
134386,upi,customer,payment_authentication,incorrect_pin,4,2,2,1
250860,wallet,bank,payment_processing,bank_unavailable,1,0,4,1
134346,netbanking,gateway,payment_processing,payment_timed_out,1,1,3,0
310702,wallet,unknown,unknown,unknown,19,6,3,1
374093,card,customer,payment_authorization,insufficient_funds,4,2,3,0
203398,wallet,bank,payment_processing,bank_unavailable,13,0,5,0
391939,netbanking,customer,payment_authentication,expired_card,2,6,3,0
216221,upi,bank,payment_processing,bank_unavailable,22,6,3,1
485134,wallet,customer,payment_authorization,insufficient_funds,5,3,5,0
132708,wallet,customer,payment_authorization,insufficient_funds,17,4,1,0
352663,card,bank,payment_processing,bank_unavailable,15,5,1,1
268138,netbanking,customer,payment_authentication,expired_card,18,0,3,0
471823,card,unknown,unknown,unknown,15,2,2,0
110508,netbanking,customer,payment_authentication,expired_card,12,3,2,1
99177,wallet,bank,payment_processing,bank_unavailable,18,3,1,1
433896,wallet,customer,payment_authentication,expired_card,19,2,5,0
450649,upi,gateway,payment_processing,payment_timed_out,9,0,4,0
373936,wallet,bank,payment_processing,bank_unavailable,22,6,4,1
237967,card,bank,payment_processing,bank_unavailable,23,4,1,1
205729,netbanking,customer,payment_authorization,insufficient_funds,17,5,2,0
333620,wallet,unknown,unknown,unknown,22,3,4,0
373867,card,unknown,unknown,unknown,2,3,3,0
138712,card,customer,payment_authorization,insufficient_funds,12,3,4,0
4490,card,bank,payment_processing,bank_unavailable,15,3,4,0
37704,wallet,customer,payment_authorization,insufficient_funds,22,4,3,1
172900,card,unknown,unknown,unknown,2,6,4,0
341172,card,customer,payment_authentication,incorrect_pin,19,5,2,1
220710,card,customer,payment_authorization,insufficient_funds,1,4,1,0
309571,upi,customer,payment_authorization,insufficient_funds,8,0,5,0
235429,card,customer,payment_authentication,expired_card,16,3,1,0
126577,upi,customer,payment_authorization,insufficient_funds,6,6,2,0
374617,upi,customer,payment_authentication,expired_card,20,2,1,0
362002,netbanking,gateway,payment_processing,payment_timed_out,22,3,2,1
481441,upi,gateway,payment_processing,payment_timed_out,3,2,2,0
413017,netbanking,customer,payment_authentication,incorrect_pin,6,1,1,1
190618,wallet,customer,payment_authentication,incorrect_pin,1,4,3,1
352667,netbanking,customer,payment_authentication,incorrect_pin,17,2,5,1
175949,card,unknown,unknown,unknown,21,4,1,1
436543,upi,customer,payment_authentication,expired_card,14,4,5,1
305647,wallet,customer,payment_authentication,expired_card,3,5,3,0
417482,wallet,gateway,payment_processing,payment_timed_out,4,6,3,0
141345,netbanking,customer,payment_authentication,expired_card,0,3,3,0
8445,upi,customer,payment_authorization,insufficient_funds,11,0,2,1
71533,upi,customer,payment_authentication,expired_card,17,4,1,0
266151,card,gateway,payment_processing,payment_timed_out,3,6,3,0
480809,upi,customer,payment_authentication,incorrect_pin,20,3,5,1
313894,wallet,customer,payment_authentication,expired_card,6,3,3,0
404956,upi,bank,payment_processing,bank_unavailable,12,5,3,0
235154,card,customer,payment_authentication,incorrect_pin,16,3,4,0
479292,wallet,customer,payment_authorization,insufficient_funds,12,2,2,1
470538,wallet,bank,payment_processing,bank_unavailable,11,3,1,1
109698,upi,bank,payment_processing,bank_unavailable,8,5,3,0
431223,card,customer,payment_authorization,insufficient_funds,10,3,5,0
9886,netbanking,customer,payment_authentication,expired_card,5,2,2,0
296705,netbanking,bank,payment_processing,bank_unavailable,7,4,5,0
219193,wallet,bank,payment_processing,bank_unavailable,18,4,5,1
151357,wallet,gateway,payment_processing,payment_timed_out,21,6,2,0
466871,wallet,customer,payment_authentication,incorrect_pin,20,6,3,1
331499,upi,bank,payment_processing,bank_unavailable,7,5,4,0
70024,upi,customer,payment_authentication,incorrect_pin,7,5,3,1
70491,netbanking,unknown,unknown,unknown,1,3,4,0
59475,upi,customer,payment_authorization,insufficient_funds,6,2,5,0
152714,card,gateway,payment_processing,payment_timed_out,14,3,4,0
35407,upi,customer,payment_authorization,insufficient_funds,6,4,5,0
132833,wallet,customer,payment_authorization,insufficient_funds,17,3,5,0
382744,upi,customer,payment_authentication,expired_card,1,1,5,0
436970,upi,gateway,payment_processing,payment_timed_out,9,0,5,1
393178,upi,customer,payment_authorization,insufficient_funds,6,0,2,0
248531,upi,customer,payment_authorization,insufficient_funds,11,2,1,0
347993,netbanking,unknown,unknown,unknown,0,5,1,0
472022,card,customer,payment_authorization,insufficient_funds,10,5,2,1
27592,wallet,customer,payment_authorization,insufficient_funds,18,5,4,0
452379,card,gateway,payment_processing,payment_timed_out,20,4,3,0
361921,netbanking,customer,payment_authentication,incorrect_pin,6,0,3,0
193811,netbanking,unknown,unknown,unknown,10,6,1,1
224866,netbanking,unknown,unknown,unknown,16,6,4,0
219833,wallet,unknown,unknown,unknown,11,5,2,1
79789,upi,customer,payment_authorization,insufficient_funds,13,3,4,0
115929,netbanking,customer,payment_authentication,incorrect_pin,8,1,1,1
148268,wallet,bank,payment_processing,bank_unavailable,20,6,2,1
3901,wallet,bank,payment_processing,bank_unavailable,15,1,1,0
251072,netbanking,unknown,unknown,unknown,23,5,2,0
238789,netbanking,customer,payment_authentication,expired_card,18,6,5,0
165496,wallet,unknown,unknown,unknown,8,6,3,0
89037,netbanking,gateway,payment_processing,payment_timed_out,7,3,3,1
484905,wallet,gateway,payment_processing,payment_timed_out,2,5,2,1
339572,upi,customer,payment_authentication,incorrect_pin,14,5,2,0
237896,card,customer,payment_authentication,incorrect_pin,17,6,4,0
361613,upi,customer,payment_authentication,incorrect_pin,8,2,5,0
186703,upi,customer,payment_authentication,expired_card,0,4,4,0
108548,card,customer,payment_authorization,insufficient_funds,19,5,4,0
336910,upi,unknown,unknown,unknown,5,1,3,1
385537,card,customer,payment_authentication,incorrect_pin,13,1,1,1
325622,card,unknown,unknown,unknown,1,2,4,0
283632,netbanking,gateway,payment_processing,payment_timed_out,1,2,5,0
2217,wallet,customer,payment_authentication,incorrect_pin,21,5,3,1
319293,wallet,customer,payment_authentication,incorrect_pin,16,6,1,1
309618,card,bank,payment_processing,bank_unavailable,0,1,4,0
206812,card,bank,payment_processing,bank_unavailable,2,2,5,0
122640,wallet,customer,payment_authorization,insufficient_funds,11,6,2,1
489576,upi,customer,payment_authentication,expired_card,16,4,1,1
188241,netbanking,customer,payment_authentication,incorrect_pin,10,1,4,1
136745,card,customer,payment_authentication,incorrect_pin,20,4,2,0
353468,upi,gateway,payment_processing,payment_timed_out,15,6,4,0
241501,netbanking,unknown,unknown,unknown,14,2,4,0
279136,card,customer,payment_authorization,insufficient_funds,6,3,2,1
324505,upi,unknown,unknown,unknown,16,4,1,1
184959,netbanking,bank,payment_processing,bank_unavailable,20,5,3,1
76998,upi,bank,payment_processing,bank_unavailable,1,3,3,1
84537,netbanking,customer,payment_authentication,incorrect_pin,17,6,5,1
469885,upi,bank,payment_processing,bank_unavailable,21,5,2,1
253236,card,bank,payment_processing,bank_unavailable,10,2,2,0
209086,wallet,customer,payment_authentication,expired_card,18,3,5,0
160363,upi,customer,payment_authentication,incorrect_pin,8,4,4,1
361097,wallet,customer,payment_authorization,insufficient_funds,4,0,4,0
456551,netbanking,bank,payment_processing,bank_unavailable,19,1,5,1
384706,wallet,customer,payment_authentication,incorrect_pin,7,1,4,1
267639,upi,customer,payment_authentication,incorrect_pin,18,5,5,0
238253,netbanking,customer,payment_authentication,expired_card,7,5,4,0
433116,wallet,unknown,unknown,unknown,9,5,3,0
428307,wallet,customer,payment_authentication,expired_card,16,0,1,0
195700,upi,customer,payment_authentication,incorrect_pin,8,2,4,1
482179,wallet,unknown,unknown,unknown,19,2,4,0
413891,upi,customer,payment_authentication,expired_card,0,0,5,0
423269,netbanking,gateway,payment_processing,payment_timed_out,0,1,4,0
29211,card,customer,payment_authorization,insufficient_funds,1,3,3,0
65876,netbanking,customer,payment_authentication,expired_card,6,6,3,0
149761,netbanking,customer,payment_authentication,incorrect_pin,1,1,1,0
380874,upi,customer,payment_authentication,expired_card,9,6,1,1
40009,netbanking,customer,payment_authorization,insufficient_funds,0,5,1,1
42353,wallet,unknown,unknown,unknown,18,1,5,0
16793,card,customer,payment_authentication,incorrect_pin,3,1,4,1
96770,card,customer,payment_authentication,expired_card,23,3,2,1
459513,wallet,customer,payment_authentication,incorrect_pin,20,6,3,1
360883,upi,gateway,payment_processing,payment_timed_out,16,5,3,1
358718,card,bank,payment_processing,bank_unavailable,19,6,2,0
146974,netbanking,unknown,unknown,unknown,18,2,3,0
312930,card,customer,payment_authentication,expired_card,20,6,2,0
389713,wallet,bank,payment_processing,bank_unavailable,13,6,4,0
266714,card,customer,payment_authentication,incorrect_pin,14,4,4,0
428212,wallet,customer,payment_authentication,expired_card,11,1,1,0
285208,upi,bank,payment_processing,bank_unavailable,14,1,3,0
162968,netbanking,customer,payment_authentication,incorrect_pin,9,0,5,1
319707,netbanking,customer,payment_authentication,expired_card,2,5,5,0
471626,upi,customer,payment_authorization,insufficient_funds,22,2,4,1
413464,upi,customer,payment_authorization,insufficient_funds,16,4,4,0
249734,netbanking,customer,payment_authentication,incorrect_pin,16,1,1,1
298847,netbanking,bank,payment_processing,bank_unavailable,6,6,5,0
488006,netbanking,customer,payment_authorization,insufficient_funds,18,5,4,1
374542,upi,customer,payment_authentication,incorrect_pin,12,2,5,0
251750,netbanking,bank,payment_processing,bank_unavailable,1,3,5,0
141208,wallet,customer,payment_authorization,insufficient_funds,22,0,2,1
453032,upi,customer,payment_authentication,incorrect_pin,23,0,1,0
488405,card,bank,payment_processing,bank_unavailable,20,6,4,1
36296,card,customer,payment_authentication,incorrect_pin,11,5,3,1
16916,wallet,unknown,unknown,unknown,5,5,1,1
58434,card,bank,payment_processing,bank_unavailable,0,4,2,0
193902,card,unknown,unknown,unknown,17,1,5,0
80778,netbanking,unknown,unknown,unknown,21,0,2,1
441143,upi,unknown,unknown,unknown,2,5,2,0
457194,wallet,customer,payment_authentication,expired_card,16,2,4,1
91081,wallet,bank,payment_processing,bank_unavailable,0,0,4,1
414706,netbanking,gateway,payment_processing,payment_timed_out,18,0,2,1
71527,netbanking,customer,payment_authentication,incorrect_pin,0,3,5,1
393877,netbanking,unknown,unknown,unknown,23,5,3,0
183350,wallet,customer,payment_authorization,insufficient_funds,4,2,1,0
21104,wallet,customer,payment_authentication,incorrect_pin,9,6,2,1
214669,card,customer,payment_authorization,insufficient_funds,16,2,5,1
411558,card,customer,payment_authorization,insufficient_funds,20,5,1,0
466764,netbanking,customer,payment_authentication,incorrect_pin,8,1,1,1
61440,upi,gateway,payment_processing,payment_timed_out,23,4,4,1
418224,wallet,customer,payment_authentication,incorrect_pin,0,1,3,1
147330,wallet,unknown,unknown,unknown,11,5,2,0
232581,netbanking,bank,payment_processing,bank_unavailable,23,3,3,0
55284,card,gateway,payment_processing,payment_timed_out,6,0,1,1
486515,card,bank,payment_processing,bank_unavailable,12,1,2,0
395336,card,customer,payment_authentication,incorrect_pin,10,2,2,0
321497,netbanking,customer,payment_authorization,insufficient_funds,9,3,3,0
363799,wallet,customer,payment_authentication,expired_card,18,1,4,0
436956,netbanking,gateway,payment_processing,payment_timed_out,12,4,5,1
72569,wallet,customer,payment_authorization,insufficient_funds,17,6,1,1
123782,wallet,bank,payment_processing,bank_unavailable,12,4,2,1
19632,netbanking,unknown,unknown,unknown,23,2,2,1
244993,card,unknown,unknown,unknown,11,4,3,0
247574,netbanking,bank,payment_processing,bank_unavailable,19,6,3,1
15828,card,customer,payment_authorization,insufficient_funds,14,1,5,0
331117,netbanking,customer,payment_authorization,insufficient_funds,19,1,5,0
5431,wallet,customer,payment_authentication,expired_card,21,0,4,0
396639,card,customer,payment_authentication,expired_card,5,5,1,1
353021,netbanking,customer,payment_authorization,insufficient_funds,7,5,1,1
407748,upi,customer,payment_authentication,incorrect_pin,7,2,5,1
60028,netbanking,bank,payment_processing,bank_unavailable,11,6,5,0
435318,card,gateway,payment_processing,payment_timed_out,11,4,2,0
274356,card,customer,payment_authentication,incorrect_pin,0,6,1,1
431806,netbanking,bank,payment_processing,bank_unavailable,21,6,4,1
348308,upi,customer,payment_authentication,incorrect_pin,20,6,3,1
328540,netbanking,customer,payment_authorization,insufficient_funds,14,2,5,0
17085,netbanking,customer,payment_authentication,expired_card,7,4,3,0
346301,card,customer,payment_authorization,insufficient_funds,19,1,4,1
224922,upi,customer,payment_authorization,insufficient_funds,6,6,4,1
424768,card,unknown,unknown,unknown,7,2,1,0
342392,upi,customer,payment_authorization,insufficient_funds,23,3,1,1
38103,card,customer,payment_authorization,insufficient_funds,22,4,4,1
444976,netbanking,unknown,unknown,unknown,14,5,1,1
32389,upi,customer,payment_authentication,expired_card,4,5,2,0
150316,netbanking,customer,payment_authentication,incorrect_pin,2,6,4,1
109189,upi,bank,payment_processing,bank_unavailable,23,4,2,1
487135,wallet,customer,payment_authentication,expired_card,6,5,1,0
77444,netbanking,customer,payment_authorization,insufficient_funds,16,4,1,0
422427,card,customer,payment_authentication,expired_card,8,2,3,1
111861,netbanking,customer,payment_authentication,expired_card,11,6,4,0
325667,upi,customer,payment_authorization,insufficient_funds,23,2,4,1
46082,upi,gateway,payment_processing,payment_timed_out,14,4,5,0
196571,wallet,bank,payment_processing,bank_unavailable,10,2,4,0
311929,wallet,unknown,unknown,unknown,9,3,4,0
355844,upi,customer,payment_authentication,incorrect_pin,5,2,2,1
436376,card,customer,payment_authorization,insufficient_funds,13,1,2,1
408281,upi,gateway,payment_processing,payment_timed_out,13,5,2,1
259809,card,unknown,unknown,unknown,2,5,1,0
152346,card,customer,payment_authorization,insufficient_funds,9,4,5,1
131363,card,unknown,unknown,unknown,15,0,2,0
496423,netbanking,customer,payment_authorization,insufficient_funds,1,1,3,0
304545,upi,bank,payment_processing,bank_unavailable,23,1,2,0
454401,wallet,customer,payment_authorization,insufficient_funds,20,4,1,0
217440,netbanking,bank,payment_processing,bank_unavailable,15,6,5,0
243265,wallet,unknown,unknown,unknown,0,2,2,0
413053,upi,gateway,payment_processing,payment_timed_out,12,2,1,0
361692,netbanking,gateway,payment_processing,payment_timed_out,21,3,2,0
101188,wallet,customer,payment_authorization,insufficient_funds,0,6,1,1
262480,upi,unknown,unknown,unknown,19,2,5,0
107511,wallet,bank,payment_processing,bank_unavailable,20,1,1,0
380705,card,customer,payment_authentication,expired_card,1,3,2,0
15937,wallet,gateway,payment_processing,payment_timed_out,5,6,2,0
413664,card,customer,payment_authentication,expired_card,17,5,1,0
464598,wallet,customer,payment_authentication,expired_card,21,3,1,0
12588,upi,bank,payment_processing,bank_unavailable,18,5,3,1
315565,card,customer,payment_authentication,expired_card,12,0,2,1
40486,card,unknown,unknown,unknown,14,5,1,1
180727,upi,bank,payment_processing,bank_unavailable,12,0,2,0
168897,card,customer,payment_authentication,expired_card,13,2,2,0
260330,card,customer,payment_authorization,insufficient_funds,18,2,3,1
458890,upi,bank,payment_processing,bank_unavailable,1,4,5,0
231336,netbanking,gateway,payment_processing,payment_timed_out,5,1,2,1
199738,netbanking,customer,payment_authentication,expired_card,1,1,4,0
47296,wallet,customer,payment_authorization,insufficient_funds,19,6,4,0
443869,netbanking,customer,payment_authentication,expired_card,17,3,1,0
158035,upi,gateway,payment_processing,payment_timed_out,1,5,3,1
231754,upi,customer,payment_authentication,incorrect_pin,2,4,3,1
47058,card,customer,payment_authentication,incorrect_pin,6,4,3,0
145137,card,bank,payment_processing,bank_unavailable,5,4,1,0
277122,upi,customer,payment_authentication,expired_card,12,4,3,0
450422,wallet,customer,payment_authorization,insufficient_funds,11,6,1,0
165118,netbanking,gateway,payment_processing,payment_timed_out,8,5,5,0
280775,netbanking,unknown,unknown,unknown,3,2,3,1
437946,upi,customer,payment_authentication,expired_card,15,1,1,0
180882,wallet,bank,payment_processing,bank_unavailable,18,5,3,0
148118,upi,customer,payment_authentication,incorrect_pin,15,2,5,1
23159,card,gateway,payment_processing,payment_timed_out,19,2,4,1
454072,card,unknown,unknown,unknown,21,0,2,1
56355,wallet,bank,payment_processing,bank_unavailable,20,3,5,0
108494,card,customer,payment_authentication,expired_card,15,3,1,1
70515,upi,gateway,payment_processing,payment_timed_out,1,5,2,1
354049,card,gateway,payment_processing,payment_timed_out,8,5,1,1
183053,card,customer,payment_authentication,incorrect_pin,10,5,5,1
352782,upi,gateway,payment_processing,payment_timed_out,17,3,4,0
304059,upi,unknown,unknown,unknown,20,6,3,1
8528,upi,gateway,payment_processing,payment_timed_out,15,6,4,0
154487,card,bank,payment_processing,bank_unavailable,8,5,2,1
3037,card,customer,payment_authentication,expired_card,18,2,1,1
33698,card,customer,payment_authorization,insufficient_funds,16,1,5,0
237029,netbanking,customer,payment_authentication,expired_card,19,0,5,0
133139,upi,customer,payment_authorization,insufficient_funds,14,6,1,0
45468,wallet,bank,payment_processing,bank_unavailable,15,5,1,1
204932,wallet,customer,payment_authorization,insufficient_funds,8,6,3,0
226501,upi,bank,payment_processing,bank_unavailable,9,5,1,1
496143,card,bank,payment_processing,bank_unavailable,6,3,4,0
331113,upi,customer,payment_authentication,incorrect_pin,6,1,5,0
197100,card,gateway,payment_processing,payment_timed_out,15,0,2,0
237175,card,bank,payment_processing,bank_unavailable,9,5,2,1
45508,upi,unknown,unknown,unknown,3,2,5,0
193939,upi,customer,payment_authorization,insufficient_funds,0,2,2,0
290976,card,gateway,payment_processing,payment_timed_out,20,5,2,0
11468,netbanking,customer,payment_authorization,insufficient_funds,10,3,1,0
459901,card,customer,payment_authentication,expired_card,13,6,5,0
258026,wallet,bank,payment_processing,bank_unavailable,21,3,5,0
393561,card,bank,payment_processing,bank_unavailable,2,5,1,1
138523,wallet,customer,payment_authentication,expired_card,22,0,5,0
418273,upi,gateway,payment_processing,payment_timed_out,16,2,1,0
184058,netbanking,customer,payment_authorization,insufficient_funds,15,1,1,1
464188,wallet,unknown,unknown,unknown,10,0,2,1
261553,upi,customer,payment_authorization,insufficient_funds,16,6,3,1
318635,wallet,customer,payment_authorization,insufficient_funds,4,3,5,0
102693,card,customer,payment_authorization,insufficient_funds,7,2,4,0
497467,card,unknown,unknown,unknown,23,2,1,0
97127,netbanking,customer,payment_authentication,incorrect_pin,6,1,3,1
17607,netbanking,bank,payment_processing,bank_unavailable,17,0,5,0
220476,upi,bank,payment_processing,bank_unavailable,22,6,4,0
417585,wallet,gateway,payment_processing,payment_timed_out,14,0,2,1
460668,netbanking,bank,payment_processing,bank_unavailable,7,2,1,0
428649,wallet,unknown,unknown,unknown,20,1,3,0
276977,card,gateway,payment_processing,payment_timed_out,19,6,3,0
458434,netbanking,gateway,payment_processing,payment_timed_out,13,1,2,0
246523,card,gateway,payment_processing,payment_timed_out,2,2,1,1
239607,wallet,customer,payment_authentication,incorrect_pin,10,5,1,1
91194,wallet,bank,payment_processing,bank_unavailable,10,3,3,0
394090,wallet,customer,payment_authentication,expired_card,4,2,5,0
158731,netbanking,customer,payment_authorization,insufficient_funds,9,3,3,1
98345,wallet,customer,payment_authentication,incorrect_pin,3,3,3,1
185404,card,customer,payment_authentication,incorrect_pin,16,2,5,0
301962,card,gateway,payment_processing,payment_timed_out,10,4,4,0
135732,wallet,customer,payment_authentication,expired_card,17,2,4,0
179964,upi,customer,payment_authorization,insufficient_funds,10,6,3,0
165726,netbanking,gateway,payment_processing,payment_timed_out,17,3,4,1
298491,upi,gateway,payment_processing,payment_timed_out,17,5,3,0
357323,netbanking,gateway,payment_processing,payment_timed_out,3,1,4,0
338105,card,unknown,unknown,unknown,10,4,4,1
71439,card,unknown,unknown,unknown,17,3,4,0
174187,card,customer,payment_authorization,insufficient_funds,14,5,5,0
324599,card,gateway,payment_processing,payment_timed_out,5,3,2,1
108903,card,bank,payment_processing,bank_unavailable,19,5,4,0
35666,card,bank,payment_processing,bank_unavailable,4,0,1,0
161522,netbanking,customer,payment_authentication,expired_card,23,4,3,0
339683,wallet,customer,payment_authentication,expired_card,16,5,5,0
332315,netbanking,bank,payment_processing,bank_unavailable,7,3,4,0
65761,netbanking,unknown,unknown,unknown,4,0,2,1
338760,wallet,customer,payment_authorization,insufficient_funds,21,3,4,1
98020,wallet,customer,payment_authentication,incorrect_pin,12,5,2,0
370917,upi,customer,payment_authentication,incorrect_pin,19,3,3,0
283696,netbanking,gateway,payment_processing,payment_timed_out,19,0,2,1
64141,upi,bank,payment_processing,bank_unavailable,1,2,4,0
175741,upi,bank,payment_processing,bank_unavailable,16,6,1,1
409440,wallet,customer,payment_authentication,expired_card,8,1,3,0
216918,upi,bank,payment_processing,bank_unavailable,21,3,5,0
344386,wallet,customer,payment_authentication,expired_card,5,2,4,0
374386,wallet,customer,payment_authentication,incorrect_pin,0,4,3,0
16222,wallet,customer,payment_authentication,incorrect_pin,15,2,5,0
465807,netbanking,unknown,unknown,unknown,13,2,1,1
168463,wallet,bank,payment_processing,bank_unavailable,13,4,5,0
396910,upi,customer,payment_authorization,insufficient_funds,6,4,2,1
233889,wallet,bank,payment_processing,bank_unavailable,11,3,5,1
288905,upi,bank,payment_processing,bank_unavailable,23,1,5,1
180948,card,customer,payment_authorization,insufficient_funds,18,0,4,1
426758,upi,customer,payment_authorization,insufficient_funds,23,4,4,0
59591,card,gateway,payment_processing,payment_timed_out,7,2,4,0
448163,netbanking,customer,payment_authentication,incorrect_pin,20,4,2,0
104466,card,customer,payment_authorization,insufficient_funds,9,2,1,1
441697,wallet,bank,payment_processing,bank_unavailable,22,5,2,0
13256,netbanking,customer,payment_authentication,expired_card,20,4,3,0
7872,netbanking,unknown,unknown,unknown,3,2,4,0
47445,wallet,unknown,unknown,unknown,23,2,2,1
274387,card,customer,payment_authorization,insufficient_funds,14,5,3,1
133884,card,customer,payment_authentication,expired_card,18,0,1,1
299350,wallet,customer,payment_authentication,incorrect_pin,13,0,1,1
410165,netbanking,customer,payment_authentication,expired_card,5,0,5,0
14548,netbanking,customer,payment_authentication,incorrect_pin,23,2,5,1
263792,card,customer,payment_authentication,incorrect_pin,2,3,5,1
369903,upi,gateway,payment_processing,payment_timed_out,19,2,2,1
212824,upi,customer,payment_authorization,insufficient_funds,5,1,3,1
462600,upi,bank,payment_processing,bank_unavailable,18,2,4,0
331419,upi,customer,payment_authentication,incorrect_pin,10,3,2,1
18231,netbanking,gateway,payment_processing,payment_timed_out,5,2,4,0
271214,upi,gateway,payment_processing,payment_timed_out,5,4,4,1
192593,netbanking,customer,payment_authentication,expired_card,7,2,3,0
66625,wallet,unknown,unknown,unknown,21,6,3,0
475252,wallet,bank,payment_processing,bank_unavailable,18,6,2,1
112089,card,customer,payment_authorization,insufficient_funds,16,4,5,0
42599,upi,customer,payment_authentication,incorrect_pin,15,3,5,1
112038,wallet,customer,payment_authorization,insufficient_funds,10,0,5,1
411696,upi,customer,payment_authorization,insufficient_funds,21,4,4,1
300376,netbanking,customer,payment_authorization,insufficient_funds,6,2,2,0
410166,netbanking,customer,payment_authorization,insufficient_funds,22,2,4,0
231351,upi,customer,payment_authentication,expired_card,9,5,2,0
59373,netbanking,customer,payment_authentication,incorrect_pin,8,0,5,1
194405,upi,customer,payment_authentication,expired_card,11,1,2,0
100685,upi,bank,payment_processing,bank_unavailable,17,5,3,1
278763,wallet,gateway,payment_processing,payment_timed_out,17,6,1,0
135443,wallet,customer,payment_authentication,expired_card,18,3,1,1
485088,card,unknown,unknown,unknown,2,3,2,0
189225,wallet,bank,payment_processing,bank_unavailable,3,6,3,1
157782,wallet,customer,payment_authorization,insufficient_funds,20,0,1,0
492264,wallet,customer,payment_authentication,expired_card,23,3,5,0
260578,upi,customer,payment_authentication,expired_card,3,1,1,0
86072,card,bank,payment_processing,bank_unavailable,21,3,5,0
240705,netbanking,customer,payment_authentication,expired_card,6,6,2,0
128092,wallet,bank,payment_processing,bank_unavailable,23,4,2,0
358605,wallet,customer,payment_authorization,insufficient_funds,23,6,1,1
287277,card,customer,payment_authorization,insufficient_funds,15,3,5,0
365415,upi,unknown,unknown,unknown,4,6,4,0
470128,wallet,gateway,payment_processing,payment_timed_out,18,1,1,0
364807,card,customer,payment_authentication,incorrect_pin,2,2,1,0
170943,card,unknown,unknown,unknown,8,1,4,0
101558,wallet,gateway,payment_processing,payment_timed_out,15,5,5,0
265156,netbanking,customer,payment_authentication,incorrect_pin,1,3,1,0
225097,card,gateway,payment_processing,payment_timed_out,9,1,2,1
157212,upi,customer,payment_authentication,expired_card,19,1,3,0
405776,card,unknown,unknown,unknown,2,2,1,0
454775,wallet,bank,payment_processing,bank_unavailable,8,1,2,1
191383,card,customer,payment_authentication,expired_card,0,4,1,0
340764,netbanking,customer,payment_authorization,insufficient_funds,15,5,3,0
492144,card,customer,payment_authorization,insufficient_funds,1,6,4,1
6934,wallet,customer,payment_authentication,expired_card,6,1,3,0
183028,wallet,gateway,payment_processing,payment_timed_out,12,3,2,1
369178,netbanking,unknown,unknown,unknown,5,3,3,0
249336,wallet,gateway,payment_processing,payment_timed_out,5,3,3,1
396152,netbanking,customer,payment_authentication,expired_card,20,3,1,0
237788,card,customer,payment_authentication,expired_card,18,1,1,0
33136,netbanking,bank,payment_processing,bank_unavailable,1,0,1,1
217398,wallet,gateway,payment_processing,payment_timed_out,20,2,5,1
202848,wallet,customer,payment_authorization,insufficient_funds,11,0,4,0
422970,upi,customer,payment_authorization,insufficient_funds,3,0,1,0
74527,netbanking,unknown,unknown,unknown,21,3,2,1
78482,upi,customer,payment_authentication,expired_card,8,6,3,0
71607,netbanking,bank,payment_processing,bank_unavailable,7,3,1,0
284265,netbanking,unknown,unknown,unknown,3,0,5,0
497785,card,unknown,unknown,unknown,21,5,5,0
309682,wallet,customer,payment_authorization,insufficient_funds,6,4,2,0
408328,wallet,customer,payment_authentication,expired_card,14,2,1,0
425760,upi,bank,payment_processing,bank_unavailable,5,1,2,1
300702,upi,gateway,payment_processing,payment_timed_out,21,6,3,0
304991,upi,unknown,unknown,unknown,18,3,5,0
122289,wallet,customer,payment_authentication,expired_card,12,0,2,0
480051,netbanking,gateway,payment_processing,payment_timed_out,8,1,2,0
394127,netbanking,customer,payment_authentication,expired_card,15,1,2,0
436212,wallet,unknown,unknown,unknown,11,2,1,1
491872,wallet,bank,payment_processing,bank_unavailable,22,2,1,0
175021,upi,bank,payment_processing,bank_unavailable,16,3,3,0
72730,upi,bank,payment_processing,bank_unavailable,0,2,4,1
430094,card,unknown,unknown,unknown,19,4,1,0
237007,card,customer,payment_authentication,expired_card,4,3,2,0
479281,netbanking,customer,payment_authentication,incorrect_pin,7,6,5,1
347552,upi,customer,payment_authentication,incorrect_pin,10,5,5,1
129341,card,customer,payment_authentication,expired_card,5,2,4,0
178056,upi,gateway,payment_processing,payment_timed_out,22,0,3,1
305494,upi,bank,payment_processing,bank_unavailable,23,4,3,1
197767,upi,customer,payment_authentication,expired_card,3,2,2,0
141620,upi,gateway,payment_processing,payment_timed_out,7,6,2,1
105705,netbanking,customer,payment_authentication,expired_card,8,2,2,0
325134,card,unknown,unknown,unknown,16,2,4,0
18554,card,customer,payment_authentication,expired_card,14,2,4,0
47727,card,gateway,payment_processing,payment_timed_out,16,6,4,1
22224,netbanking,gateway,payment_processing,payment_timed_out,0,0,4,0
367360,wallet,customer,payment_authentication,expired_card,12,6,1,0
15632,netbanking,customer,payment_authentication,incorrect_pin,5,1,4,1
210490,netbanking,bank,payment_processing,bank_unavailable,5,5,5,1
61541,netbanking,customer,payment_authentication,incorrect_pin,18,3,4,1
294066,netbanking,customer,payment_authentication,expired_card,3,3,3,0
18172,upi,customer,payment_authentication,incorrect_pin,0,1,2,1
13905,wallet,customer,payment_authentication,expired_card,11,5,4,0
206093,upi,bank,payment_processing,bank_unavailable,17,4,3,1
348025,card,customer,payment_authentication,incorrect_pin,12,3,2,0
55702,netbanking,customer,payment_authentication,incorrect_pin,3,3,3,1
248500,card,customer,payment_authentication,expired_card,18,4,1,0
405353,upi,customer,payment_authentication,incorrect_pin,9,3,5,1
313000,wallet,unknown,unknown,unknown,17,6,4,0
375400,upi,gateway,payment_processing,payment_timed_out,4,0,2,0
158518,upi,gateway,payment_processing,payment_timed_out,21,1,4,1
471070,wallet,customer,payment_authorization,insufficient_funds,6,5,1,0
73764,netbanking,gateway,payment_processing,payment_timed_out,23,5,2,0
303050,upi,customer,payment_authentication,expired_card,9,2,4,0
218279,wallet,bank,payment_processing,bank_unavailable,17,3,1,1
16842,wallet,customer,payment_authentication,incorrect_pin,12,0,4,0
472046,upi,customer,payment_authentication,expired_card,1,1,5,0
351421,card,gateway,payment_processing,payment_timed_out,2,6,3,1
114669,card,customer,payment_authentication,incorrect_pin,9,4,2,1
27125,upi,customer,payment_authentication,incorrect_pin,4,0,4,1
338244,upi,bank,payment_processing,bank_unavailable,14,5,2,0
273001,upi,customer,payment_authentication,expired_card,3,2,4,0
25871,upi,bank,payment_processing,bank_unavailable,14,3,4,1
493055,card,bank,payment_processing,bank_unavailable,4,5,1,1
359332,card,customer,payment_authorization,insufficient_funds,4,5,1,0
231865,upi,customer,payment_authentication,incorrect_pin,8,0,1,0
119980,card,customer,payment_authentication,incorrect_pin,13,2,1,1
136252,upi,customer,payment_authentication,incorrect_pin,9,1,2,0
226307,wallet,gateway,payment_processing,payment_timed_out,8,6,1,1
29519,upi,gateway,payment_processing,payment_timed_out,8,5,5,0
184509,wallet,bank,payment_processing,bank_unavailable,8,4,5,0
109509,netbanking,customer,payment_authentication,incorrect_pin,9,0,1,0
57307,wallet,bank,payment_processing,bank_unavailable,20,5,2,1
63825,netbanking,unknown,unknown,unknown,13,3,4,0
173445,card,customer,payment_authorization,insufficient_funds,10,1,4,0
191916,netbanking,bank,payment_processing,bank_unavailable,17,3,3,0
175712,card,customer,payment_authentication,expired_card,12,3,5,0
345292,upi,customer,payment_authorization,insufficient_funds,22,2,4,1
261531,card,bank,payment_processing,bank_unavailable,13,6,4,1
97163,card,bank,payment_processing,bank_unavailable,5,6,3,1
486204,upi,bank,payment_processing,bank_unavailable,13,0,3,1
365321,upi,gateway,payment_processing,payment_timed_out,18,6,2,0
235539,wallet,customer,payment_authentication,expired_card,5,2,3,0
25535,netbanking,customer,payment_authentication,incorrect_pin,4,5,5,1
457299,card,customer,payment_authentication,incorrect_pin,14,5,2,1
372511,wallet,bank,payment_processing,bank_unavailable,21,4,1,0
231317,upi,unknown,unknown,unknown,8,5,3,0
81715,card,customer,payment_authentication,incorrect_pin,12,4,4,1
54664,wallet,customer,payment_authentication,incorrect_pin,15,5,5,0
145648,netbanking,gateway,payment_processing,payment_timed_out,15,2,3,0
115846,card,bank,payment_processing,bank_unavailable,3,5,4,1
105448,card,customer,payment_authorization,insufficient_funds,9,6,2,0
204351,upi,customer,payment_authorization,insufficient_funds,23,6,3,0
24249,upi,customer,payment_authentication,expired_card,21,1,3,1
163359,upi,customer,payment_authentication,expired_card,18,3,2,0
435646,wallet,customer,payment_authentication,expired_card,0,3,4,0
433049,netbanking,customer,payment_authorization,insufficient_funds,10,4,5,0
5198,card,customer,payment_authentication,expired_card,1,4,2,0
339644,wallet,unknown,unknown,unknown,7,5,1,0
495555,upi,customer,payment_authorization,insufficient_funds,20,3,5,0
289576,upi,bank,payment_processing,bank_unavailable,9,4,5,0
195781,card,customer,payment_authentication,incorrect_pin,4,6,5,1
246124,wallet,customer,payment_authentication,expired_card,17,0,2,0
107407,netbanking,customer,payment_authentication,incorrect_pin,18,4,4,1
199238,wallet,customer,payment_authorization,insufficient_funds,15,2,4,1
468532,upi,gateway,payment_processing,payment_timed_out,19,6,4,0
306484,wallet,customer,payment_authentication,incorrect_pin,16,3,5,0
216008,upi,unknown,unknown,unknown,15,4,5,0
63179,upi,bank,payment_processing,bank_unavailable,21,5,3,1
453205,netbanking,bank,payment_processing,bank_unavailable,7,1,1,1
82104,upi,customer,payment_authentication,expired_card,10,3,1,1
361081,wallet,customer,payment_authentication,expired_card,13,5,5,0
152255,wallet,bank,payment_processing,bank_unavailable,16,5,5,0
140030,netbanking,unknown,unknown,unknown,11,1,1,0
86421,card,unknown,unknown,unknown,10,5,2,1
188165,upi,customer,payment_authorization,insufficient_funds,3,1,2,0
338872,netbanking,gateway,payment_processing,payment_timed_out,15,1,2,1
208904,netbanking,customer,payment_authorization,insufficient_funds,2,5,4,0
13359,wallet,unknown,unknown,unknown,11,4,3,0
132738,netbanking,customer,payment_authorization,insufficient_funds,9,3,3,0
80928,upi,customer,payment_authorization,insufficient_funds,18,3,3,1
201472,upi,gateway,payment_processing,payment_timed_out,11,6,4,0
451402,wallet,gateway,payment_processing,payment_timed_out,0,1,4,0
481410,upi,customer,payment_authentication,incorrect_pin,12,2,1,1
498775,wallet,customer,payment_authentication,expired_card,5,3,1,1
57223,upi,bank,payment_processing,bank_unavailable,9,5,2,1
244308,netbanking,customer,payment_authentication,expired_card,7,3,3,0
23746,wallet,customer,payment_authentication,expired_card,3,5,5,0
248190,card,unknown,unknown,unknown,22,5,5,0
288762,upi,unknown,unknown,unknown,6,6,4,0
386926,wallet,customer,payment_authentication,expired_card,12,3,1,0
168875,upi,gateway,payment_processing,payment_timed_out,19,3,1,1
19058,netbanking,unknown,unknown,unknown,8,0,3,0
227624,wallet,customer,payment_authorization,insufficient_funds,22,0,3,0
214084,netbanking,gateway,payment_processing,payment_timed_out,9,3,4,0
312479,upi,gateway,payment_processing,payment_timed_out,22,5,1,1
50814,wallet,customer,payment_authentication,incorrect_pin,10,5,5,0
306981,upi,unknown,unknown,unknown,0,2,3,0
201062,netbanking,gateway,payment_processing,payment_timed_out,20,3,3,0
369774,netbanking,bank,payment_processing,bank_unavailable,20,5,1,0
491928,card,bank,payment_processing,bank_unavailable,23,2,5,0
114583,card,bank,payment_processing,bank_unavailable,2,1,3,0
377063,upi,unknown,unknown,unknown,20,6,2,0
64718,wallet,unknown,unknown,unknown,8,3,2,0
492538,upi,gateway,payment_processing,payment_timed_out,20,1,2,0
241009,card,customer,payment_authentication,expired_card,23,1,1,1
373279,netbanking,customer,payment_authentication,incorrect_pin,4,2,5,1
388977,netbanking,unknown,unknown,unknown,8,1,5,0
304447,netbanking,customer,payment_authentication,incorrect_pin,6,3,5,1
192811,netbanking,customer,payment_authorization,insufficient_funds,7,5,2,1
377356,netbanking,customer,payment_authentication,incorrect_pin,14,5,3,1
238677,wallet,unknown,unknown,unknown,9,6,3,1
329887,card,bank,payment_processing,bank_unavailable,15,5,3,1
307014,wallet,customer,payment_authorization,insufficient_funds,16,2,3,0
232569,wallet,customer,payment_authentication,incorrect_pin,4,0,3,1
59418,wallet,bank,payment_processing,bank_unavailable,1,1,4,0
146980,wallet,gateway,payment_processing,payment_timed_out,17,5,1,1
468964,wallet,unknown,unknown,unknown,4,2,1,0
260569,upi,customer,payment_authentication,expired_card,4,5,5,0
318401,wallet,customer,payment_authentication,expired_card,14,3,5,1
129988,netbanking,unknown,unknown,unknown,6,6,5,0
353185,card,unknown,unknown,unknown,4,3,2,1
243851,netbanking,customer,payment_authorization,insufficient_funds,7,6,3,1
110156,card,unknown,unknown,unknown,12,1,1,0
73921,netbanking,customer,payment_authentication,expired_card,20,5,2,0
198109,wallet,unknown,unknown,unknown,23,3,4,0
283132,upi,customer,payment_authentication,incorrect_pin,17,1,2,0
140802,card,customer,payment_authentication,incorrect_pin,21,1,3,1
123396,wallet,unknown,unknown,unknown,12,2,1,1
135535,card,gateway,payment_processing,payment_timed_out,9,1,3,0
147510,wallet,customer,payment_authorization,insufficient_funds,19,6,4,0
369766,upi,unknown,unknown,unknown,7,1,3,1
250015,netbanking,customer,payment_authentication,incorrect_pin,19,4,3,1
235086,wallet,gateway,payment_processing,payment_timed_out,23,3,5,1
82100,wallet,customer,payment_authorization,insufficient_funds,9,3,2,0
272735,upi,customer,payment_authentication,incorrect_pin,15,4,2,1
481228,wallet,gateway,payment_processing,payment_timed_out,18,6,4,0
373011,card,unknown,unknown,unknown,18,6,3,0
224025,card,customer,payment_authentication,incorrect_pin,4,6,5,0
154178,card,customer,payment_authentication,incorrect_pin,23,3,1,1
176787,netbanking,customer,payment_authentication,expired_card,12,5,1,0
14404,netbanking,customer,payment_authentication,incorrect_pin,1,1,2,1
15569,card,gateway,payment_processing,payment_timed_out,2,6,3,1
388399,upi,unknown,unknown,unknown,17,1,5,0
421784,wallet,gateway,payment_processing,payment_timed_out,10,0,3,1
484309,upi,customer,payment_authorization,insufficient_funds,2,5,3,1
313291,upi,customer,payment_authorization,insufficient_funds,12,5,1,0
464665,netbanking,gateway,payment_processing,payment_timed_out,14,0,3,0
208786,card,customer,payment_authentication,incorrect_pin,1,6,3,1
127788,netbanking,customer,payment_authentication,expired_card,8,0,3,0
123521,wallet,bank,payment_processing,bank_unavailable,11,0,4,1
119083,upi,gateway,payment_processing,payment_timed_out,18,6,3,1
372824,card,customer,payment_authorization,insufficient_funds,15,1,1,0
5957,netbanking,gateway,payment_processing,payment_timed_out,2,1,1,1
472792,wallet,gateway,payment_processing,payment_timed_out,14,5,1,0
387632,netbanking,customer,payment_authorization,insufficient_funds,21,4,4,0
191024,card,bank,payment_processing,bank_unavailable,1,3,5,0
351227,netbanking,customer,payment_authentication,incorrect_pin,23,6,5,0
68303,wallet,bank,payment_processing,bank_unavailable,2,0,2,1
216265,card,customer,payment_authorization,insufficient_funds,14,6,1,1
55488,wallet,customer,payment_authentication,incorrect_pin,8,1,4,0
56936,wallet,customer,payment_authentication,expired_card,17,4,1,0
4174,card,customer,payment_authentication,expired_card,20,2,4,0
398110,upi,customer,payment_authentication,incorrect_pin,20,2,2,1
372234,wallet,customer,payment_authorization,insufficient_funds,20,2,5,0
446595,upi,customer,payment_authentication,incorrect_pin,19,3,4,1
490717,card,gateway,payment_processing,payment_timed_out,7,6,4,0
482430,upi,bank,payment_processing,bank_unavailable,11,0,3,0
496417,netbanking,customer,payment_authentication,incorrect_pin,17,4,5,0
8913,card,customer,payment_authorization,insufficient_funds,4,6,3,0
392315,netbanking,unknown,unknown,unknown,13,5,4,1
361888,wallet,customer,payment_authorization,insufficient_funds,12,6,2,0
81929,wallet,gateway,payment_processing,payment_timed_out,23,0,3,0
69268,wallet,bank,payment_processing,bank_unavailable,1,2,5,1
488877,upi,customer,payment_authorization,insufficient_funds,2,2,2,0
441388,card,customer,payment_authorization,insufficient_funds,0,3,1,0
164579,upi,customer,payment_authentication,incorrect_pin,13,2,2,1
38308,wallet,gateway,payment_processing,payment_timed_out,13,1,2,1
167476,netbanking,bank,payment_processing,bank_unavailable,14,5,3,0
3653,card,bank,payment_processing,bank_unavailable,5,1,1,1
343981,netbanking,customer,payment_authentication,incorrect_pin,7,6,1,1
190697,netbanking,gateway,payment_processing,payment_timed_out,10,0,2,0
25475,card,customer,payment_authorization,insufficient_funds,1,2,3,0
489881,card,customer,payment_authentication,expired_card,18,4,1,0
413059,upi,unknown,unknown,unknown,1,6,2,1
452461,card,gateway,payment_processing,payment_timed_out,16,5,2,1
498652,card,customer,payment_authentication,expired_card,10,0,1,1
8072,wallet,unknown,unknown,unknown,23,5,2,1
387760,wallet,customer,payment_authorization,insufficient_funds,16,2,2,1
393977,wallet,unknown,unknown,unknown,11,6,1,1
391057,upi,customer,payment_authentication,expired_card,16,5,4,0
133262,wallet,bank,payment_processing,bank_unavailable,2,1,1,0
195766,card,customer,payment_authorization,insufficient_funds,4,2,3,0
464641,card,gateway,payment_processing,payment_timed_out,11,5,4,0
33894,wallet,unknown,unknown,unknown,20,6,5,0
320899,wallet,gateway,payment_processing,payment_timed_out,19,4,3,0
396541,upi,customer,payment_authentication,incorrect_pin,9,1,3,1
399224,card,bank,payment_processing,bank_unavailable,6,2,4,1
298982,netbanking,gateway,payment_processing,payment_timed_out,23,5,5,0
383665,netbanking,bank,payment_processing,bank_unavailable,13,4,2,1
454760,card,gateway,payment_processing,payment_timed_out,2,1,4,0
383164,netbanking,gateway,payment_processing,payment_timed_out,5,1,3,1
58865,wallet,customer,payment_authentication,incorrect_pin,20,1,1,1
123025,upi,customer,payment_authentication,expired_card,21,3,4,0
153256,netbanking,customer,payment_authorization,insufficient_funds,21,3,5,0
172204,netbanking,bank,payment_processing,bank_unavailable,0,3,1,0
180967,wallet,bank,payment_processing,bank_unavailable,19,6,1,1
110711,card,gateway,payment_processing,payment_timed_out,2,4,5,0
341957,upi,unknown,unknown,unknown,19,4,3,0
56008,netbanking,bank,payment_processing,bank_unavailable,21,2,2,0
394085,netbanking,customer,payment_authentication,expired_card,8,4,4,0
329663,card,customer,payment_authentication,expired_card,4,6,2,0
480550,wallet,customer,payment_authentication,expired_card,17,0,2,0
4262,wallet,customer,payment_authentication,expired_card,1,2,2,0
148408,upi,gateway,payment_processing,payment_timed_out,13,0,3,0
449270,wallet,unknown,unknown,unknown,7,1,1,0
247325,upi,gateway,payment_processing,payment_timed_out,10,0,2,1
280899,card,customer,payment_authentication,incorrect_pin,19,4,2,0
15451,upi,bank,payment_processing,bank_unavailable,23,5,1,1
381292,card,bank,payment_processing,bank_unavailable,9,6,4,1
127241,wallet,customer,payment_authentication,expired_card,6,1,1,0
481600,card,customer,payment_authentication,expired_card,20,4,5,0
187628,netbanking,gateway,payment_processing,payment_timed_out,9,2,1,0
95122,upi,bank,payment_processing,bank_unavailable,4,2,2,1
297309,netbanking,customer,payment_authorization,insufficient_funds,21,4,1,1
239238,card,bank,payment_processing,bank_unavailable,23,4,2,1
235952,netbanking,unknown,unknown,unknown,6,4,4,1
474975,wallet,customer,payment_authorization,insufficient_funds,3,0,1,0
182873,netbanking,customer,payment_authentication,incorrect_pin,3,2,3,0
199455,upi,unknown,unknown,unknown,14,1,4,0
312415,card,customer,payment_authorization,insufficient_funds,7,0,3,0
86035,upi,customer,payment_authentication,expired_card,14,0,1,1
414480,card,gateway,payment_processing,payment_timed_out,18,3,4,0
115718,upi,customer,payment_authorization,insufficient_funds,0,0,1,0
121599,netbanking,bank,payment_processing,bank_unavailable,20,5,1,0
6347,card,customer,payment_authorization,insufficient_funds,0,0,3,0
172095,upi,customer,payment_authentication,incorrect_pin,2,1,2,1
291773,upi,customer,payment_authentication,incorrect_pin,17,6,1,1
352757,wallet,customer,payment_authorization,insufficient_funds,14,4,4,0
449375,wallet,bank,payment_processing,bank_unavailable,23,3,3,1
389193,wallet,customer,payment_authentication,expired_card,13,0,5,0
161187,upi,customer,payment_authentication,incorrect_pin,10,0,3,1
412873,card,unknown,unknown,unknown,16,6,3,1
98083,wallet,gateway,payment_processing,payment_timed_out,18,5,5,0
105456,netbanking,customer,payment_authentication,incorrect_pin,16,6,1,1
179674,upi,unknown,unknown,unknown,8,5,2,1
270094,upi,customer,payment_authentication,incorrect_pin,23,0,4,1
102362,card,customer,payment_authentication,expired_card,7,5,2,0
450106,wallet,bank,payment_processing,bank_unavailable,8,3,5,1
135867,upi,customer,payment_authentication,expired_card,6,4,2,0
196583,wallet,unknown,unknown,unknown,7,2,3,1
302895,netbanking,unknown,unknown,unknown,5,5,5,0
215512,wallet,customer,payment_authorization,insufficient_funds,13,5,2,0
202540,wallet,customer,payment_authentication,expired_card,17,6,5,0
492427,card,unknown,unknown,unknown,10,3,1,0
218502,wallet,gateway,payment_processing,payment_timed_out,22,1,2,1
57413,upi,unknown,unknown,unknown,11,4,3,0
365402,card,bank,payment_processing,bank_unavailable,11,3,3,1
353096,upi,customer,payment_authorization,insufficient_funds,1,1,5,0
110251,upi,customer,payment_authentication,expired_card,21,5,5,0
425242,upi,gateway,payment_processing,payment_timed_out,3,0,4,0
196577,upi,unknown,unknown,unknown,3,2,4,0
76246,upi,gateway,payment_processing,payment_timed_out,22,4,2,0
87055,card,gateway,payment_processing,payment_timed_out,12,6,5,1
357512,upi,customer,payment_authentication,expired_card,1,4,4,1
108802,upi,customer,payment_authorization,insufficient_funds,10,6,1,0
235399,wallet,bank,payment_processing,bank_unavailable,14,5,5,1
367316,upi,bank,payment_processing,bank_unavailable,0,1,2,1
426593,upi,gateway,payment_processing,payment_timed_out,18,5,3,0
245334,upi,customer,payment_authentication,expired_card,16,2,3,0
453819,upi,gateway,payment_processing,payment_timed_out,0,4,5,1
152007,netbanking,customer,payment_authentication,incorrect_pin,14,1,2,1
436370,wallet,gateway,payment_processing,payment_timed_out,5,3,2,0
125910,netbanking,customer,payment_authentication,expired_card,17,4,1,0
33128,netbanking,unknown,unknown,unknown,9,6,2,0
362946,upi,bank,payment_processing,bank_unavailable,4,6,1,0
378671,wallet,bank,payment_processing,bank_unavailable,12,5,3,1
463237,upi,customer,payment_authentication,incorrect_pin,10,3,5,0
460843,netbanking,gateway,payment_processing,payment_timed_out,8,6,3,1
52020,card,gateway,payment_processing,payment_timed_out,21,0,5,0
311053,wallet,unknown,unknown,unknown,15,6,5,0
352513,card,customer,payment_authentication,incorrect_pin,11,1,1,1
300837,netbanking,customer,payment_authorization,insufficient_funds,5,2,3,0
10330,card,unknown,unknown,unknown,13,6,3,0
23457,netbanking,customer,payment_authentication,incorrect_pin,0,5,2,1
335603,wallet,customer,payment_authentication,expired_card,21,5,5,0
428161,netbanking,bank,payment_processing,bank_unavailable,0,4,2,0
90418,card,unknown,unknown,unknown,16,4,1,1
24155,card,unknown,unknown,unknown,8,1,3,1
202600,netbanking,unknown,unknown,unknown,17,6,2,0
157441,card,customer,payment_authorization,insufficient_funds,8,4,2,0
491469,upi,customer,payment_authentication,expired_card,0,4,3,0
463006,card,gateway,payment_processing,payment_timed_out,22,2,4,1
279495,upi,unknown,unknown,unknown,18,6,2,0
474923,upi,customer,payment_authentication,incorrect_pin,1,3,2,1
115177,card,unknown,unknown,unknown,0,1,1,0
495959,wallet,bank,payment_processing,bank_unavailable,12,1,2,1
224052,wallet,customer,payment_authentication,incorrect_pin,22,4,3,1
238725,card,customer,payment_authentication,expired_card,13,5,4,0
26228,card,gateway,payment_processing,payment_timed_out,0,1,2,1
89537,upi,customer,payment_authentication,incorrect_pin,16,4,1,1
98014,wallet,customer,payment_authentication,incorrect_pin,10,6,3,0
244484,upi,unknown,unknown,unknown,15,3,4,0
95707,wallet,unknown,unknown,unknown,8,6,1,1
52054,wallet,customer,payment_authentication,incorrect_pin,0,1,3,1
302951,netbanking,unknown,unknown,unknown,0,2,1,0
436396,card,unknown,unknown,unknown,15,3,3,0
35911,wallet,unknown,unknown,unknown,15,2,4,0
280708,netbanking,customer,payment_authorization,insufficient_funds,7,0,4,0
480184,netbanking,customer,payment_authentication,expired_card,1,3,4,0
202848,wallet,unknown,unknown,unknown,18,2,4,0
92297,wallet,unknown,unknown,unknown,3,1,2,1
40685,upi,customer,payment_authentication,expired_card,4,2,5,0
468231,wallet,customer,payment_authorization,insufficient_funds,10,2,2,0
203215,wallet,customer,payment_authentication,incorrect_pin,17,6,2,0
53473,upi,customer,payment_authorization,insufficient_funds,23,3,4,0
433230,card,customer,payment_authentication,incorrect_pin,15,2,2,0
401205,wallet,customer,payment_authorization,insufficient_funds,23,2,1,0
352000,upi,customer,payment_authentication,incorrect_pin,15,4,4,1
43094,card,gateway,payment_processing,payment_timed_out,20,1,4,0
42145,netbanking,customer,payment_authentication,expired_card,4,6,3,0
110214,netbanking,customer,payment_authentication,expired_card,1,2,1,0
80793,wallet,gateway,payment_processing,payment_timed_out,16,2,4,0
266394,upi,bank,payment_processing,bank_unavailable,23,0,1,1
196762,card,bank,payment_processing,bank_unavailable,17,6,3,0
382893,wallet,customer,payment_authorization,insufficient_funds,8,3,3,0
51586,netbanking,bank,payment_processing,bank_unavailable,11,0,4,0
364250,upi,customer,payment_authorization,insufficient_funds,2,1,5,0
467087,card,customer,payment_authentication,expired_card,8,2,1,0
66161,card,unknown,unknown,unknown,16,5,1,0
326494,netbanking,customer,payment_authentication,expired_card,3,0,3,0
254996,card,customer,payment_authorization,insufficient_funds,11,0,5,0
48316,netbanking,gateway,payment_processing,payment_timed_out,6,3,1,0
147122,card,gateway,payment_processing,payment_timed_out,11,3,3,1
394241,netbanking,bank,payment_processing,bank_unavailable,18,6,3,0
434635,upi,customer,payment_authorization,insufficient_funds,21,5,2,0
184834,netbanking,gateway,payment_processing,payment_timed_out,9,4,4,1
54155,wallet,customer,payment_authorization,insufficient_funds,19,2,2,0
123190,upi,unknown,unknown,unknown,16,4,3,0
421873,card,customer,payment_authorization,insufficient_funds,22,4,5,0
285423,netbanking,bank,payment_processing,bank_unavailable,17,1,2,0
215811,netbanking,gateway,payment_processing,payment_timed_out,13,2,1,1
7672,netbanking,customer,payment_authentication,incorrect_pin,16,6,5,0
391567,netbanking,customer,payment_authorization,insufficient_funds,7,3,2,0
233233,netbanking,customer,payment_authentication,incorrect_pin,16,3,4,0
273084,netbanking,bank,payment_processing,bank_unavailable,17,5,4,0
422059,upi,customer,payment_authentication,expired_card,14,1,3,1
281636,wallet,customer,payment_authorization,insufficient_funds,2,1,1,0
464101,card,bank,payment_processing,bank_unavailable,12,6,5,0
280218,upi,gateway,payment_processing,payment_timed_out,17,5,4,0
171935,card,unknown,unknown,unknown,4,2,3,0
461421,card,customer,payment_authentication,incorrect_pin,18,6,5,1
321576,upi,customer,payment_authentication,expired_card,20,2,4,0
380446,wallet,customer,payment_authentication,incorrect_pin,12,4,4,1
114185,upi,customer,payment_authentication,expired_card,23,0,1,1
335855,card,unknown,unknown,unknown,20,4,4,0
280546,card,gateway,payment_processing,payment_timed_out,11,1,2,1
53490,wallet,customer,payment_authorization,insufficient_funds,21,1,1,0
127760,netbanking,customer,payment_authorization,insufficient_funds,22,5,2,0
455915,wallet,gateway,payment_processing,payment_timed_out,2,1,1,0
286107,upi,gateway,payment_processing,payment_timed_out,23,3,1,1
387377,wallet,customer,payment_authorization,insufficient_funds,0,6,4,0
86689,wallet,customer,payment_authentication,incorrect_pin,11,6,3,0
109710,card,bank,payment_processing,bank_unavailable,22,3,2,1
470675,netbanking,customer,payment_authentication,expired_card,17,0,1,1
210664,upi,bank,payment_processing,bank_unavailable,6,2,4,1
443572,wallet,unknown,unknown,unknown,15,4,4,0
404361,wallet,gateway,payment_processing,payment_timed_out,5,2,3,1
169122,card,gateway,payment_processing,payment_timed_out,5,5,1,1
474806,netbanking,customer,payment_authentication,incorrect_pin,21,6,1,0
388555,card,unknown,unknown,unknown,1,4,1,1
64714,upi,gateway,payment_processing,payment_timed_out,23,4,1,0
48656,netbanking,bank,payment_processing,bank_unavailable,10,3,5,1
64192,netbanking,customer,payment_authentication,expired_card,1,1,2,0
370440,wallet,gateway,payment_processing,payment_timed_out,18,4,4,0
72451,wallet,unknown,unknown,unknown,1,6,5,0
141947,card,customer,payment_authentication,expired_card,7,4,5,0
217779,wallet,customer,payment_authentication,incorrect_pin,5,5,2,1
68685,netbanking,customer,payment_authentication,expired_card,18,6,3,0
165885,netbanking,gateway,payment_processing,payment_timed_out,9,2,3,0
339418,netbanking,customer,payment_authentication,incorrect_pin,15,2,1,0
486082,wallet,gateway,payment_processing,payment_timed_out,1,6,4,0
235434,netbanking,customer,payment_authorization,insufficient_funds,16,3,3,0
373614,upi,unknown,unknown,unknown,17,5,2,0
265540,upi,customer,payment_authentication,expired_card,6,4,3,1
233688,card,customer,payment_authorization,insufficient_funds,21,0,4,1
260744,netbanking,customer,payment_authentication,incorrect_pin,11,2,1,1
479316,netbanking,customer,payment_authentication,incorrect_pin,16,2,4,0
30664,card,gateway,payment_processing,payment_timed_out,4,1,5,0
257177,netbanking,bank,payment_processing,bank_unavailable,22,5,4,1
26638,wallet,unknown,unknown,unknown,5,6,4,0
437639,card,customer,payment_authorization,insufficient_funds,15,6,1,0
300983,card,unknown,unknown,unknown,2,1,4,0
24578,netbanking,unknown,unknown,unknown,1,3,4,0
312309,card,customer,payment_authentication,incorrect_pin,3,1,3,1
218425,wallet,customer,payment_authentication,expired_card,22,0,3,0
24540,wallet,unknown,unknown,unknown,5,4,4,0
489156,netbanking,customer,payment_authorization,insufficient_funds,21,6,1,0
189841,card,customer,payment_authentication,incorrect_pin,13,0,2,1
12870,netbanking,unknown,unknown,unknown,2,4,4,0
306813,upi,bank,payment_processing,bank_unavailable,10,0,5,1
188273,card,customer,payment_authentication,incorrect_pin,11,5,2,1
328684,upi,unknown,unknown,unknown,6,0,3,0
82016,upi,gateway,payment_processing,payment_timed_out,14,3,5,1
414310,upi,customer,payment_authentication,incorrect_pin,20,0,1,1
210580,netbanking,customer,payment_authorization,insufficient_funds,21,2,2,0
210945,upi,customer,payment_authentication,incorrect_pin,12,3,1,1
402075,netbanking,unknown,unknown,unknown,21,3,2,1
274581,card,customer,payment_authentication,incorrect_pin,22,5,4,1
1671,card,gateway,payment_processing,payment_timed_out,2,6,2,1
289702,wallet,customer,payment_authentication,expired_card,15,2,5,0
323317,netbanking,customer,payment_authentication,expired_card,18,6,5,0
156710,netbanking,gateway,payment_processing,payment_timed_out,0,2,5,0
91199,netbanking,unknown,unknown,unknown,14,0,4,1
27858,upi,customer,payment_authentication,incorrect_pin,21,4,4,0
423271,upi,customer,payment_authentication,incorrect_pin,6,5,3,1
3108,netbanking,customer,payment_authentication,incorrect_pin,20,2,5,1
292145,wallet,gateway,payment_processing,payment_timed_out,22,4,1,1
418227,upi,customer,payment_authentication,expired_card,15,3,4,0
176711,upi,customer,payment_authentication,incorrect_pin,15,1,1,1
100915,wallet,customer,payment_authorization,insufficient_funds,12,2,2,1
357761,wallet,customer,payment_authentication,expired_card,9,2,2,0
315497,upi,gateway,payment_processing,payment_timed_out,10,2,4,0
8431,card,bank,payment_processing,bank_unavailable,12,6,4,0
288947,netbanking,unknown,unknown,unknown,11,2,1,0
1193,upi,unknown,unknown,unknown,19,4,4,0
200417,card,gateway,payment_processing,payment_timed_out,18,0,2,0
152723,card,bank,payment_processing,bank_unavailable,8,2,1,1
416913,netbanking,unknown,unknown,unknown,12,6,3,1
488662,card,gateway,payment_processing,payment_timed_out,5,6,3,0
349503,card,customer,payment_authentication,expired_card,4,6,2,0
367480,card,bank,payment_processing,bank_unavailable,8,0,2,1
12348,wallet,gateway,payment_processing,payment_timed_out,1,6,5,0
32929,upi,customer,payment_authentication,expired_card,20,1,2,0
388571,upi,customer,payment_authorization,insufficient_funds,3,0,5,0
214684,upi,unknown,unknown,unknown,7,0,5,1
253992,wallet,customer,payment_authentication,incorrect_pin,6,5,2,1
346307,wallet,gateway,payment_processing,payment_timed_out,4,4,3,0
174162,netbanking,customer,payment_authentication,expired_card,8,4,4,0
341243,upi,customer,payment_authentication,expired_card,17,6,3,0
363716,wallet,customer,payment_authentication,incorrect_pin,21,0,3,1
120947,card,bank,payment_processing,bank_unavailable,4,0,2,0
343347,wallet,unknown,unknown,unknown,5,6,1,1
85533,card,customer,payment_authorization,insufficient_funds,11,4,1,0
155983,wallet,gateway,payment_processing,payment_timed_out,7,5,2,0
390294,wallet,unknown,unknown,unknown,19,3,4,0
491537,upi,unknown,unknown,unknown,5,1,2,0
33250,netbanking,customer,payment_authentication,expired_card,9,3,1,0
324706,card,customer,payment_authorization,insufficient_funds,13,6,2,1
285309,card,gateway,payment_processing,payment_timed_out,9,0,3,0
303284,card,bank,payment_processing,bank_unavailable,14,0,2,1
393616,netbanking,customer,payment_authentication,expired_card,19,2,2,0
35870,card,gateway,payment_processing,payment_timed_out,12,3,1,0
369889,netbanking,gateway,payment_processing,payment_timed_out,10,4,2,1
140380,netbanking,customer,payment_authorization,insufficient_funds,22,1,2,1
77993,wallet,gateway,payment_processing,payment_timed_out,23,6,5,1
224040,wallet,customer,payment_authentication,expired_card,23,1,5,0
14486,upi,unknown,unknown,unknown,0,1,2,0
315682,wallet,customer,payment_authentication,expired_card,20,6,1,0
283032,upi,unknown,unknown,unknown,21,2,1,1
256869,netbanking,unknown,unknown,unknown,19,4,2,0
16254,card,unknown,unknown,unknown,17,3,3,0
381754,netbanking,gateway,payment_processing,payment_timed_out,8,1,3,1
18550,netbanking,customer,payment_authentication,expired_card,17,3,2,1
132021,wallet,customer,payment_authentication,incorrect_pin,13,5,2,1
198552,card,bank,payment_processing,bank_unavailable,19,0,2,0
351377,wallet,bank,payment_processing,bank_unavailable,8,6,3,1
204453,card,gateway,payment_processing,payment_timed_out,17,1,4,1
408482,upi,customer,payment_authentication,expired_card,18,6,1,0
467258,card,bank,payment_processing,bank_unavailable,20,6,3,0
382760,netbanking,customer,payment_authentication,incorrect_pin,4,6,4,0
20411,netbanking,gateway,payment_processing,payment_timed_out,20,4,4,0
385653,wallet,bank,payment_processing,bank_unavailable,5,6,3,0
103894,upi,customer,payment_authentication,incorrect_pin,22,6,3,0
444365,card,customer,payment_authorization,insufficient_funds,0,4,4,0
489347,wallet,unknown,unknown,unknown,5,6,2,0
43005,card,customer,payment_authentication,incorrect_pin,14,2,3,0
50212,upi,bank,payment_processing,bank_unavailable,13,5,2,1
348899,wallet,customer,payment_authentication,expired_card,16,6,3,1
72512,card,customer,payment_authentication,incorrect_pin,9,4,1,1
484371,wallet,customer,payment_authentication,incorrect_pin,0,0,2,1
270604,wallet,unknown,unknown,unknown,14,1,1,0
287252,wallet,customer,payment_authentication,expired_card,12,1,2,0
430290,netbanking,customer,payment_authorization,insufficient_funds,12,3,3,0
109441,wallet,customer,payment_authorization,insufficient_funds,9,3,3,1
278335,wallet,bank,payment_processing,bank_unavailable,21,5,5,1
499379,card,gateway,payment_processing,payment_timed_out,19,1,1,0
12011,upi,gateway,payment_processing,payment_timed_out,4,1,5,0
88164,card,customer,payment_authorization,insufficient_funds,0,4,2,0
73897,netbanking,gateway,payment_processing,payment_timed_out,4,0,4,0
168443,netbanking,unknown,unknown,unknown,1,6,4,0
65833,upi,customer,payment_authorization,insufficient_funds,17,0,5,0
86859,netbanking,customer,payment_authentication,incorrect_pin,14,3,1,1
426490,upi,unknown,unknown,unknown,11,6,5,0
232792,netbanking,customer,payment_authentication,expired_card,14,3,1,0
179666,netbanking,gateway,payment_processing,payment_timed_out,19,5,5,1
210019,netbanking,customer,payment_authorization,insufficient_funds,19,2,4,0
485345,card,customer,payment_authorization,insufficient_funds,10,5,3,0
246129,card,customer,payment_authorization,insufficient_funds,14,4,2,0
235008,netbanking,customer,payment_authorization,insufficient_funds,13,3,1,0
464064,netbanking,bank,payment_processing,bank_unavailable,22,0,5,1
19604,wallet,customer,payment_authentication,incorrect_pin,18,6,4,0
239684,card,unknown,unknown,unknown,7,0,5,0
374367,card,customer,payment_authentication,expired_card,21,2,4,0
257799,card,unknown,unknown,unknown,9,4,5,0
434247,netbanking,customer,payment_authentication,expired_card,18,5,5,0
443455,upi,customer,payment_authorization,insufficient_funds,23,3,3,0
168798,card,customer,payment_authentication,expired_card,19,2,4,0
409062,upi,customer,payment_authentication,incorrect_pin,2,2,2,1
122743,netbanking,gateway,payment_processing,payment_timed_out,4,6,4,0
120621,wallet,gateway,payment_processing,payment_timed_out,19,2,4,0
488759,wallet,customer,payment_authentication,incorrect_pin,2,5,3,1
7450,card,customer,payment_authentication,expired_card,0,0,4,0
177220,upi,customer,payment_authentication,expired_card,6,4,2,0
315120,upi,customer,payment_authorization,insufficient_funds,11,4,4,1
207341,upi,customer,payment_authentication,incorrect_pin,3,4,3,1
422580,wallet,gateway,payment_processing,payment_timed_out,3,2,2,0
126541,wallet,customer,payment_authorization,insufficient_funds,8,4,5,0
276872,netbanking,customer,payment_authentication,expired_card,14,3,1,0
63463,upi,customer,payment_authorization,insufficient_funds,13,4,4,0
106377,upi,customer,payment_authentication,expired_card,19,6,2,0
87605,wallet,customer,payment_authentication,incorrect_pin,23,4,2,0
370936,card,bank,payment_processing,bank_unavailable,0,5,1,0
102150,upi,customer,payment_authentication,expired_card,16,6,1,0
335100,upi,bank,payment_processing,bank_unavailable,3,1,1,0
173470,card,customer,payment_authentication,expired_card,8,4,5,0
282951,netbanking,customer,payment_authorization,insufficient_funds,8,4,5,1
437072,wallet,bank,payment_processing,bank_unavailable,16,4,3,0
431805,card,gateway,payment_processing,payment_timed_out,6,0,1,1
6606,netbanking,bank,payment_processing,bank_unavailable,21,5,5,0
392337,upi,customer,payment_authentication,incorrect_pin,9,1,4,1
477867,upi,unknown,unknown,unknown,19,2,3,1
334308,upi,gateway,payment_processing,payment_timed_out,22,4,5,0
94418,wallet,gateway,payment_processing,payment_timed_out,12,1,3,0
332715,netbanking,gateway,payment_processing,payment_timed_out,2,0,2,0
318433,wallet,gateway,payment_processing,payment_timed_out,16,4,4,0
331439,upi,gateway,payment_processing,payment_timed_out,10,1,3,0
214983,upi,customer,payment_authentication,expired_card,8,5,4,0
263057,wallet,customer,payment_authentication,incorrect_pin,10,6,4,1
326277,upi,customer,payment_authentication,expired_card,7,2,5,0
232497,upi,customer,payment_authorization,insufficient_funds,6,5,2,0
387014,netbanking,gateway,payment_processing,payment_timed_out,23,1,1,1
355091,netbanking,bank,payment_processing,bank_unavailable,6,6,3,1
152257,upi,unknown,unknown,unknown,11,1,4,0
305637,card,customer,payment_authentication,expired_card,17,6,5,0
378506,netbanking,customer,payment_authentication,expired_card,5,5,2,1
245500,card,unknown,unknown,unknown,14,2,4,0
357788,card,bank,payment_processing,bank_unavailable,21,5,5,0
64204,upi,bank,payment_processing,bank_unavailable,19,4,5,1
193735,card,bank,payment_processing,bank_unavailable,0,4,5,1
351263,wallet,unknown,unknown,unknown,9,2,5,0
447660,netbanking,gateway,payment_processing,payment_timed_out,0,1,4,0
323353,wallet,customer,payment_authentication,incorrect_pin,14,4,2,0
332174,upi,bank,payment_processing,bank_unavailable,7,0,3,1
171782,upi,bank,payment_processing,bank_unavailable,21,2,4,1
350763,netbanking,customer,payment_authentication,expired_card,4,0,2,1
178805,upi,customer,payment_authentication,incorrect_pin,20,0,4,1
26977,netbanking,gateway,payment_processing,payment_timed_out,8,0,3,0
124114,wallet,gateway,payment_processing,payment_timed_out,22,0,4,0
305995,card,customer,payment_authorization,insufficient_funds,4,6,3,0
480996,netbanking,customer,payment_authentication,incorrect_pin,6,5,4,1
248400,netbanking,customer,payment_authentication,expired_card,8,6,1,0
430241,upi,customer,payment_authorization,insufficient_funds,23,0,4,0
389229,wallet,unknown,unknown,unknown,17,6,5,0
280964,upi,gateway,payment_processing,payment_timed_out,19,4,5,1
402353,wallet,unknown,unknown,unknown,13,5,5,0
201425,netbanking,customer,payment_authentication,expired_card,19,6,2,0
221914,upi,unknown,unknown,unknown,15,1,1,0
368676,netbanking,customer,payment_authentication,incorrect_pin,16,5,4,0
319804,upi,customer,payment_authorization,insufficient_funds,20,4,1,0
264336,netbanking,customer,payment_authentication,incorrect_pin,23,2,2,1
217167,wallet,gateway,payment_processing,payment_timed_out,13,3,4,0
487950,wallet,customer,payment_authentication,expired_card,10,1,3,0
33778,wallet,customer,payment_authorization,insufficient_funds,15,1,4,0
28506,card,customer,payment_authorization,insufficient_funds,17,6,4,0
240036,netbanking,customer,payment_authentication,expired_card,23,5,1,0
18108,card,customer,payment_authorization,insufficient_funds,16,3,4,0
171112,wallet,customer,payment_authentication,expired_card,22,4,3,0
284737,card,customer,payment_authentication,expired_card,17,2,3,0
203173,wallet,customer,payment_authorization,insufficient_funds,22,1,3,1
102436,card,customer,payment_authorization,insufficient_funds,18,6,3,1
143071,netbanking,bank,payment_processing,bank_unavailable,21,6,3,1
302548,upi,customer,payment_authentication,expired_card,4,1,2,0
475750,netbanking,customer,payment_authorization,insufficient_funds,23,5,2,0
390930,upi,bank,payment_processing,bank_unavailable,8,3,1,1
274152,upi,customer,payment_authentication,expired_card,19,4,2,0
69916,card,customer,payment_authorization,insufficient_funds,9,0,2,1
122086,card,customer,payment_authentication,expired_card,10,3,3,0
220863,netbanking,customer,payment_authentication,incorrect_pin,17,0,5,1
124095,card,customer,payment_authentication,incorrect_pin,12,5,1,1
344645,upi,customer,payment_authorization,insufficient_funds,17,2,2,1
183732,card,customer,payment_authorization,insufficient_funds,1,1,1,0
417098,card,customer,payment_authentication,incorrect_pin,20,4,5,0
135248,netbanking,unknown,unknown,unknown,9,6,4,0
248676,netbanking,customer,payment_authorization,insufficient_funds,18,2,2,0
357514,upi,gateway,payment_processing,payment_timed_out,6,5,3,1
103870,netbanking,unknown,unknown,unknown,14,4,4,1
380958,netbanking,gateway,payment_processing,payment_timed_out,14,3,5,1
293314,wallet,gateway,payment_processing,payment_timed_out,3,5,3,0
324181,netbanking,customer,payment_authentication,incorrect_pin,11,0,2,1
227804,wallet,bank,payment_processing,bank_unavailable,15,6,4,1
467616,upi,gateway,payment_processing,payment_timed_out,20,2,4,0
386191,netbanking,customer,payment_authentication,expired_card,21,0,4,0
96837,upi,customer,payment_authentication,incorrect_pin,9,6,1,1
278233,upi,customer,payment_authentication,expired_card,15,5,4,0
451736,wallet,gateway,payment_processing,payment_timed_out,4,5,1,1
140432,card,gateway,payment_processing,payment_timed_out,21,1,5,0
268692,netbanking,bank,payment_processing,bank_unavailable,20,5,5,0
377442,netbanking,customer,payment_authorization,insufficient_funds,23,4,3,0
137379,netbanking,customer,payment_authorization,insufficient_funds,11,6,4,0
259356,upi,customer,payment_authorization,insufficient_funds,8,2,1,0
276933,upi,bank,payment_processing,bank_unavailable,18,6,5,0
89595,upi,customer,payment_authorization,insufficient_funds,17,4,2,0
89627,wallet,bank,payment_processing,bank_unavailable,5,1,2,1
281973,upi,customer,payment_authentication,incorrect_pin,12,1,4,1
90214,netbanking,customer,payment_authorization,insufficient_funds,15,6,5,0
474212,card,customer,payment_authorization,insufficient_funds,10,4,3,0
262366,upi,customer,payment_authentication,incorrect_pin,8,0,3,1
353053,card,unknown,unknown,unknown,5,0,3,0
199046,upi,gateway,payment_processing,payment_timed_out,9,5,2,1
150103,upi,unknown,unknown,unknown,5,1,3,0
243764,upi,customer,payment_authentication,expired_card,7,1,5,0
355726,wallet,customer,payment_authentication,incorrect_pin,4,4,2,0
199384,netbanking,unknown,unknown,unknown,9,6,4,0
142020,wallet,bank,payment_processing,bank_unavailable,15,2,4,1
72844,card,gateway,payment_processing,payment_timed_out,9,4,5,1
271802,upi,bank,payment_processing,bank_unavailable,3,4,4,0
340161,netbanking,bank,payment_processing,bank_unavailable,19,4,5,1
263771,wallet,bank,payment_processing,bank_unavailable,10,4,4,0
128191,netbanking,customer,payment_authorization,insufficient_funds,14,1,5,0
124448,upi,customer,payment_authentication,expired_card,12,4,4,1
189152,card,gateway,payment_processing,payment_timed_out,12,0,5,1
174593,wallet,customer,payment_authentication,incorrect_pin,10,5,5,0
102680,netbanking,customer,payment_authentication,incorrect_pin,18,5,5,0
471149,wallet,unknown,unknown,unknown,20,5,3,0
165546,netbanking,customer,payment_authentication,expired_card,21,0,4,0
126048,upi,unknown,unknown,unknown,10,6,5,1
303718,wallet,customer,payment_authentication,expired_card,8,3,2,0
400713,wallet,customer,payment_authentication,expired_card,1,0,1,1
232882,netbanking,unknown,unknown,unknown,10,3,5,0
334018,wallet,customer,payment_authentication,expired_card,23,4,4,0
48409,upi,customer,payment_authorization,insufficient_funds,6,2,3,0
266782,wallet,customer,payment_authentication,expired_card,20,5,4,0
34226,upi,customer,payment_authorization,insufficient_funds,18,3,1,0
69620,wallet,bank,payment_processing,bank_unavailable,15,1,3,0
296406,upi,gateway,payment_processing,payment_timed_out,13,4,2,1
103081,netbanking,customer,payment_authentication,incorrect_pin,18,1,2,0
19254,wallet,gateway,payment_processing,payment_timed_out,2,0,5,1
90310,upi,customer,payment_authentication,expired_card,3,1,3,0
386638,upi,customer,payment_authorization,insufficient_funds,4,6,1,0
293810,wallet,customer,payment_authentication,incorrect_pin,18,4,2,1
191517,upi,gateway,payment_processing,payment_timed_out,10,2,2,0
486719,netbanking,gateway,payment_processing,payment_timed_out,4,2,5,0
193491,wallet,gateway,payment_processing,payment_timed_out,1,6,2,1
438743,netbanking,bank,payment_processing,bank_unavailable,11,4,2,1
173132,card,customer,payment_authentication,expired_card,9,5,2,1
13600,card,bank,payment_processing,bank_unavailable,4,4,1,1
56015,netbanking,bank,payment_processing,bank_unavailable,0,6,4,0
137589,netbanking,customer,payment_authorization,insufficient_funds,18,4,3,0
94100,netbanking,customer,payment_authorization,insufficient_funds,18,2,3,1
79471,upi,unknown,unknown,unknown,5,1,2,0
192290,netbanking,customer,payment_authentication,expired_card,11,0,4,0
487864,netbanking,customer,payment_authorization,insufficient_funds,6,5,1,0
101051,netbanking,unknown,unknown,unknown,9,6,5,0
118569,upi,customer,payment_authentication,incorrect_pin,2,4,3,1
497614,netbanking,customer,payment_authentication,expired_card,22,3,2,0
101455,netbanking,customer,payment_authentication,incorrect_pin,17,0,3,0
415271,upi,bank,payment_processing,bank_unavailable,21,4,5,1
310817,wallet,customer,payment_authentication,expired_card,7,1,1,0
463912,netbanking,unknown,unknown,unknown,20,4,3,0
278537,card,unknown,unknown,unknown,12,2,3,1
297146,netbanking,unknown,unknown,unknown,4,6,5,0
113700,netbanking,customer,payment_authorization,insufficient_funds,7,6,3,1
287888,netbanking,customer,payment_authentication,incorrect_pin,19,1,4,1
335512,card,unknown,unknown,unknown,18,2,4,0
493440,wallet,unknown,unknown,unknown,17,6,5,0
49406,wallet,customer,payment_authorization,insufficient_funds,5,0,2,0
79216,upi,customer,payment_authentication,incorrect_pin,15,3,4,1
10665,netbanking,customer,payment_authentication,expired_card,22,0,2,1
395432,upi,customer,payment_authentication,incorrect_pin,1,3,5,0
42125,card,customer,payment_authentication,incorrect_pin,7,0,5,1
457826,wallet,unknown,unknown,unknown,1,0,2,0
183069,upi,bank,payment_processing,bank_unavailable,2,2,3,0
144889,card,customer,payment_authentication,incorrect_pin,23,0,5,0
487534,upi,customer,payment_authentication,expired_card,5,5,1,0
360464,netbanking,bank,payment_processing,bank_unavailable,4,4,4,1
274076,card,customer,payment_authentication,expired_card,1,3,5,0
444591,netbanking,unknown,unknown,unknown,23,3,5,0
377609,wallet,customer,payment_authorization,insufficient_funds,11,5,1,1
319096,netbanking,customer,payment_authentication,expired_card,18,5,4,0
161426,netbanking,gateway,payment_processing,payment_timed_out,6,0,4,0
493065,upi,bank,payment_processing,bank_unavailable,15,4,1,0
359950,upi,unknown,unknown,unknown,21,3,4,0
472866,wallet,bank,payment_processing,bank_unavailable,16,5,4,0
483125,wallet,bank,payment_processing,bank_unavailable,12,5,5,0
275082,netbanking,unknown,unknown,unknown,5,4,1,1
179523,card,customer,payment_authentication,expired_card,5,4,5,0
473643,upi,unknown,unknown,unknown,14,1,3,0
499531,wallet,gateway,payment_processing,payment_timed_out,10,5,2,1
61861,wallet,gateway,payment_processing,payment_timed_out,1,4,2,1
319567,upi,customer,payment_authorization,insufficient_funds,4,1,4,0
301616,netbanking,bank,payment_processing,bank_unavailable,10,1,5,0
374547,netbanking,unknown,unknown,unknown,4,3,2,0
487738,card,customer,payment_authentication,expired_card,13,2,5,0
126831,wallet,customer,payment_authorization,insufficient_funds,7,4,4,0
487894,upi,customer,payment_authorization,insufficient_funds,6,2,1,0
321902,card,gateway,payment_processing,payment_timed_out,2,1,3,0
42170,upi,customer,payment_authorization,insufficient_funds,12,2,5,0
255992,netbanking,customer,payment_authentication,incorrect_pin,4,5,1,1
67601,netbanking,gateway,payment_processing,payment_timed_out,15,5,1,0
478245,wallet,customer,payment_authorization,insufficient_funds,22,2,1,1
381840,netbanking,gateway,payment_processing,payment_timed_out,21,5,3,0
452433,upi,customer,payment_authentication,expired_card,16,0,1,1
301663,card,unknown,unknown,unknown,19,6,5,0
198940,upi,customer,payment_authentication,expired_card,22,5,1,0
214751,netbanking,unknown,unknown,unknown,16,0,1,0
473488,netbanking,unknown,unknown,unknown,6,4,2,0
76631,wallet,customer,payment_authorization,insufficient_funds,12,3,4,1
442522,card,unknown,unknown,unknown,20,6,5,0
211583,card,gateway,payment_processing,payment_timed_out,16,1,2,0
295602,upi,customer,payment_authentication,incorrect_pin,8,6,3,1
333827,card,customer,payment_authentication,incorrect_pin,4,6,4,1
41976,card,customer,payment_authorization,insufficient_funds,3,1,4,0
75193,wallet,customer,payment_authentication,incorrect_pin,9,3,1,1
81234,wallet,bank,payment_processing,bank_unavailable,19,4,5,0
389559,upi,unknown,unknown,unknown,13,1,5,0
39360,card,bank,payment_processing,bank_unavailable,1,6,4,1
305837,netbanking,customer,payment_authentication,incorrect_pin,22,1,3,1
54888,card,bank,payment_processing,bank_unavailable,9,1,2,0
384141,upi,customer,payment_authorization,insufficient_funds,9,3,5,0
488500,wallet,unknown,unknown,unknown,19,3,5,0
207596,netbanking,customer,payment_authentication,incorrect_pin,9,0,3,0
106871,netbanking,gateway,payment_processing,payment_timed_out,14,6,4,0
222998,card,bank,payment_processing,bank_unavailable,22,1,2,1
345737,wallet,customer,payment_authentication,incorrect_pin,12,0,4,0
363951,upi,gateway,payment_processing,payment_timed_out,14,3,1,0
318628,card,bank,payment_processing,bank_unavailable,8,6,5,0
291414,wallet,gateway,payment_processing,payment_timed_out,21,0,3,0
315941,wallet,customer,payment_authentication,expired_card,1,3,3,0
109455,card,gateway,payment_processing,payment_timed_out,6,6,1,1
104145,netbanking,bank,payment_processing,bank_unavailable,23,6,3,1
465507,upi,customer,payment_authentication,incorrect_pin,11,1,1,1
290094,upi,customer,payment_authentication,incorrect_pin,4,4,5,0
430730,card,bank,payment_processing,bank_unavailable,9,5,4,0
313144,wallet,bank,payment_processing,bank_unavailable,6,4,3,1
228183,netbanking,gateway,payment_processing,payment_timed_out,12,4,5,0
285632,card,bank,payment_processing,bank_unavailable,5,5,5,1
346164,card,unknown,unknown,unknown,9,3,1,0
93895,upi,customer,payment_authorization,insufficient_funds,21,0,1,0
231592,card,bank,payment_processing,bank_unavailable,1,4,2,0
361807,upi,gateway,payment_processing,payment_timed_out,18,4,1,1
44436,upi,customer,payment_authentication,incorrect_pin,1,5,3,1
37548,netbanking,customer,payment_authorization,insufficient_funds,10,6,3,0
80884,upi,gateway,payment_processing,payment_timed_out,16,2,3,1
296009,upi,customer,payment_authentication,expired_card,22,6,1,0
119978,netbanking,gateway,payment_processing,payment_timed_out,6,0,5,0
218693,card,customer,payment_authentication,expired_card,1,6,5,0
67771,card,unknown,unknown,unknown,18,0,3,1
125893,upi,unknown,unknown,unknown,21,4,1,0
9866,upi,unknown,unknown,unknown,13,4,2,0
403887,card,customer,payment_authentication,incorrect_pin,1,4,4,1
233798,netbanking,customer,payment_authentication,expired_card,12,6,4,0
88770,card,customer,payment_authentication,incorrect_pin,9,3,2,0
263586,netbanking,customer,payment_authorization,insufficient_funds,10,0,5,0
466558,netbanking,customer,payment_authorization,insufficient_funds,1,4,5,0
412582,card,customer,payment_authentication,expired_card,7,2,3,0
442398,card,bank,payment_processing,bank_unavailable,23,4,2,0
203596,card,unknown,unknown,unknown,1,2,3,1
180933,upi,customer,payment_authorization,insufficient_funds,21,0,1,1
158787,netbanking,customer,payment_authentication,expired_card,12,4,3,0
153271,netbanking,gateway,payment_processing,payment_timed_out,14,0,1,0
459926,card,unknown,unknown,unknown,22,2,1,0
69605,card,customer,payment_authorization,insufficient_funds,5,4,3,1
425873,card,gateway,payment_processing,payment_timed_out,23,6,3,0
458248,netbanking,customer,payment_authentication,incorrect_pin,6,2,5,1
422177,wallet,customer,payment_authentication,expired_card,8,2,3,0
314139,upi,bank,payment_processing,bank_unavailable,10,2,5,0
427968,card,unknown,unknown,unknown,14,4,5,0
16860,upi,gateway,payment_processing,payment_timed_out,7,1,2,1
408815,card,unknown,unknown,unknown,19,3,5,0
255989,upi,unknown,unknown,unknown,0,5,3,0
479256,card,bank,payment_processing,bank_unavailable,15,0,3,0
43813,card,gateway,payment_processing,payment_timed_out,15,6,1,1
465098,card,customer,payment_authentication,incorrect_pin,12,3,2,1
287302,card,customer,payment_authentication,expired_card,14,4,3,0
52823,wallet,customer,payment_authentication,incorrect_pin,17,4,2,1
254972,wallet,gateway,payment_processing,payment_timed_out,21,6,3,1
19522,upi,unknown,unknown,unknown,5,4,1,0
42340,card,gateway,payment_processing,payment_timed_out,11,6,2,0
266319,wallet,unknown,unknown,unknown,13,2,4,0
408115,netbanking,customer,payment_authorization,insufficient_funds,8,1,4,0
54992,upi,unknown,unknown,unknown,23,4,5,0
131896,netbanking,customer,payment_authentication,expired_card,12,1,5,0
196272,upi,gateway,payment_processing,payment_timed_out,14,0,5,0
271201,upi,gateway,payment_processing,payment_timed_out,4,1,1,0
1361,netbanking,customer,payment_authentication,expired_card,9,1,4,0
319881,netbanking,customer,payment_authorization,insufficient_funds,15,0,2,1
249439,wallet,customer,payment_authentication,expired_card,10,5,2,0
481190,card,customer,payment_authentication,expired_card,18,4,2,0
151366,wallet,unknown,unknown,unknown,3,1,3,0
247412,card,bank,payment_processing,bank_unavailable,3,1,1,0
41725,netbanking,customer,payment_authentication,expired_card,8,6,3,1
458741,upi,customer,payment_authentication,expired_card,7,6,1,0
417104,upi,customer,payment_authentication,incorrect_pin,19,0,3,1
178074,wallet,customer,payment_authentication,incorrect_pin,20,4,4,0
230782,wallet,customer,payment_authentication,incorrect_pin,11,2,1,0
428862,wallet,customer,payment_authentication,expired_card,12,2,1,1
148409,card,bank,payment_processing,bank_unavailable,7,4,5,0
118677,upi,unknown,unknown,unknown,12,6,4,0
121742,wallet,gateway,payment_processing,payment_timed_out,16,4,2,0
354033,netbanking,customer,payment_authentication,incorrect_pin,17,6,5,0
106322,upi,customer,payment_authentication,incorrect_pin,23,5,2,1
45217,wallet,bank,payment_processing,bank_unavailable,13,5,5,0
83560,wallet,unknown,unknown,unknown,8,5,1,0
493040,card,customer,payment_authentication,incorrect_pin,1,5,4,1
436552,wallet,customer,payment_authorization,insufficient_funds,16,1,1,1
477015,wallet,customer,payment_authentication,incorrect_pin,19,6,1,1
139374,netbanking,bank,payment_processing,bank_unavailable,13,6,3,1
221665,netbanking,unknown,unknown,unknown,22,4,1,0
245894,card,gateway,payment_processing,payment_timed_out,7,4,3,0
262444,wallet,bank,payment_processing,bank_unavailable,1,6,2,0
14377,wallet,customer,payment_authentication,incorrect_pin,15,1,1,1
299290,wallet,bank,payment_processing,bank_unavailable,2,0,5,0
20351,netbanking,customer,payment_authentication,expired_card,2,6,5,0
138244,upi,customer,payment_authorization,insufficient_funds,16,3,5,0
146886,card,gateway,payment_processing,payment_timed_out,10,5,1,0
337561,card,unknown,unknown,unknown,14,3,2,0
448351,wallet,customer,payment_authorization,insufficient_funds,17,3,2,0
349583,netbanking,customer,payment_authorization,insufficient_funds,9,0,2,0
218292,netbanking,customer,payment_authentication,incorrect_pin,14,2,3,1
263013,upi,gateway,payment_processing,payment_timed_out,12,0,3,0
256689,wallet,bank,payment_processing,bank_unavailable,13,3,3,0
74722,card,customer,payment_authorization,insufficient_funds,16,0,2,0
478700,upi,customer,payment_authorization,insufficient_funds,9,5,5,0
459674,wallet,customer,payment_authentication,incorrect_pin,12,2,5,1
120782,upi,bank,payment_processing,bank_unavailable,14,5,2,0
58407,upi,gateway,payment_processing,payment_timed_out,3,0,2,1
83355,upi,customer,payment_authorization,insufficient_funds,5,0,3,0
314957,card,customer,payment_authentication,incorrect_pin,2,2,2,1
15687,upi,bank,payment_processing,bank_unavailable,4,5,5,1
52441,wallet,gateway,payment_processing,payment_timed_out,10,5,3,0
324508,netbanking,bank,payment_processing,bank_unavailable,22,3,1,0
73904,card,customer,payment_authorization,insufficient_funds,22,4,1,0
35330,upi,customer,payment_authentication,incorrect_pin,18,4,1,1
11248,card,gateway,payment_processing,payment_timed_out,13,4,2,0
353187,upi,unknown,unknown,unknown,4,5,2,0
182319,wallet,gateway,payment_processing,payment_timed_out,8,0,5,0
142948,card,customer,payment_authentication,expired_card,18,3,5,0
320152,card,gateway,payment_processing,payment_timed_out,21,5,1,0
86091,upi,bank,payment_processing,bank_unavailable,23,3,5,1
261251,upi,customer,payment_authentication,incorrect_pin,9,1,3,1
242438,upi,bank,payment_processing,bank_unavailable,11,4,2,0
337595,upi,gateway,payment_processing,payment_timed_out,12,2,3,0
312335,netbanking,customer,payment_authentication,expired_card,1,3,3,0
337835,wallet,unknown,unknown,unknown,2,3,1,0
107352,wallet,unknown,unknown,unknown,1,4,5,1
70946,card,customer,payment_authorization,insufficient_funds,17,6,1,0
267380,wallet,customer,payment_authentication,incorrect_pin,5,4,1,1
29611,netbanking,customer,payment_authorization,insufficient_funds,16,6,2,1
227687,upi,unknown,unknown,unknown,9,0,1,0
313054,upi,gateway,payment_processing,payment_timed_out,19,5,1,1
410678,netbanking,customer,payment_authentication,incorrect_pin,2,2,2,1
326959,card,customer,payment_authentication,incorrect_pin,7,5,2,1
497339,upi,customer,payment_authentication,expired_card,4,0,1,0
278795,wallet,customer,payment_authentication,expired_card,10,3,5,0
223646,netbanking,unknown,unknown,unknown,13,0,5,0
123635,netbanking,gateway,payment_processing,payment_timed_out,4,4,4,0
336889,wallet,customer,payment_authorization,insufficient_funds,16,1,3,0
405572,wallet,customer,payment_authentication,incorrect_pin,23,1,5,0
161166,wallet,customer,payment_authentication,expired_card,1,0,2,1
38767,card,customer,payment_authentication,expired_card,2,1,3,1
6229,wallet,unknown,unknown,unknown,22,6,1,0
316524,netbanking,customer,payment_authentication,expired_card,15,6,4,0
331854,netbanking,customer,payment_authentication,expired_card,22,0,1,0
61085,wallet,customer,payment_authorization,insufficient_funds,16,6,4,1
12279,upi,customer,payment_authentication,incorrect_pin,17,4,4,1
327570,card,unknown,unknown,unknown,3,2,2,1
199478,upi,gateway,payment_processing,payment_timed_out,12,6,4,1
209445,card,customer,payment_authentication,incorrect_pin,8,1,2,0
131974,card,gateway,payment_processing,payment_timed_out,20,1,2,1
359334,wallet,bank,payment_processing,bank_unavailable,1,1,3,1
372578,wallet,bank,payment_processing,bank_unavailable,0,1,2,1
27043,card,unknown,unknown,unknown,13,3,4,0
45473,card,unknown,unknown,unknown,23,0,2,0
277986,netbanking,customer,payment_authorization,insufficient_funds,23,1,3,1
301966,wallet,customer,payment_authorization,insufficient_funds,14,2,5,0
73294,wallet,gateway,payment_processing,payment_timed_out,10,4,2,1
79894,upi,unknown,unknown,unknown,6,6,3,1
341509,upi,customer,payment_authentication,incorrect_pin,23,0,5,0
227900,netbanking,unknown,unknown,unknown,4,4,2,0
60857,card,bank,payment_processing,bank_unavailable,3,0,1,0
305154,upi,customer,payment_authentication,expired_card,12,6,2,0
37718,upi,customer,payment_authentication,incorrect_pin,9,1,5,1
116081,card,gateway,payment_processing,payment_timed_out,11,5,4,0
356848,card,gateway,payment_processing,payment_timed_out,21,5,5,1
111970,netbanking,customer,payment_authentication,expired_card,6,2,2,0
32702,upi,gateway,payment_processing,payment_timed_out,21,2,5,0
480037,netbanking,unknown,unknown,unknown,5,2,2,0
113041,netbanking,unknown,unknown,unknown,7,3,4,0
257923,card,gateway,payment_processing,payment_timed_out,0,3,5,1
412543,upi,unknown,unknown,unknown,16,4,2,0
494967,netbanking,gateway,payment_processing,payment_timed_out,20,3,5,1
405035,netbanking,gateway,payment_processing,payment_timed_out,21,5,4,0
170486,card,customer,payment_authentication,expired_card,4,3,4,0
427209,card,gateway,payment_processing,payment_timed_out,18,2,4,1
7355,netbanking,customer,payment_authentication,incorrect_pin,3,2,1,1
163724,card,customer,payment_authentication,expired_card,15,5,4,0
100509,card,bank,payment_processing,bank_unavailable,16,0,2,0
264496,card,unknown,unknown,unknown,3,2,2,0
445910,card,customer,payment_authentication,incorrect_pin,2,2,1,1
386901,netbanking,customer,payment_authentication,expired_card,1,4,1,0
499156,card,customer,payment_authorization,insufficient_funds,17,0,5,0
69355,card,unknown,unknown,unknown,14,3,2,0
376346,netbanking,unknown,unknown,unknown,2,4,2,0
362471,card,customer,payment_authorization,insufficient_funds,12,6,3,0
228779,upi,unknown,unknown,unknown,19,3,4,0
49645,wallet,bank,payment_processing,bank_unavailable,5,6,3,0
53141,upi,unknown,unknown,unknown,14,4,3,1
456712,netbanking,gateway,payment_processing,payment_timed_out,7,5,5,0
148317,card,customer,payment_authentication,incorrect_pin,6,1,3,0
319018,upi,customer,payment_authorization,insufficient_funds,9,6,4,1
472833,upi,bank,payment_processing,bank_unavailable,8,1,5,1
247159,wallet,customer,payment_authorization,insufficient_funds,11,0,4,0
105753,card,customer,payment_authentication,incorrect_pin,4,0,1,0
242880,card,unknown,unknown,unknown,9,4,2,0
115509,netbanking,unknown,unknown,unknown,14,4,4,0
91499,upi,bank,payment_processing,bank_unavailable,9,1,3,0
405684,netbanking,customer,payment_authorization,insufficient_funds,15,6,2,1
173613,card,customer,payment_authorization,insufficient_funds,2,1,2,0
342718,netbanking,unknown,unknown,unknown,3,4,1,0
363835,upi,customer,payment_authorization,insufficient_funds,20,3,2,0
275162,wallet,customer,payment_authentication,incorrect_pin,11,4,4,0
270931,upi,bank,payment_processing,bank_unavailable,14,5,1,1
91084,netbanking,bank,payment_processing,bank_unavailable,17,6,5,1
265124,netbanking,customer,payment_authentication,expired_card,3,5,2,0
376013,card,bank,payment_processing,bank_unavailable,23,6,5,0
98427,upi,unknown,unknown,unknown,10,6,2,0
116779,card,customer,payment_authentication,expired_card,21,2,5,0
345491,wallet,unknown,unknown,unknown,10,3,3,1
490918,wallet,bank,payment_processing,bank_unavailable,9,1,5,0
196625,wallet,customer,payment_authentication,expired_card,14,6,1,1
414334,upi,bank,payment_processing,bank_unavailable,4,6,4,0
92194,netbanking,gateway,payment_processing,payment_timed_out,14,6,2,1
285289,upi,gateway,payment_processing,payment_timed_out,23,5,2,1
471949,netbanking,customer,payment_authorization,insufficient_funds,15,5,1,0
221337,card,unknown,unknown,unknown,1,5,5,1
253893,netbanking,unknown,unknown,unknown,16,1,4,0
78389,netbanking,unknown,unknown,unknown,0,1,5,0
264490,wallet,customer,payment_authorization,insufficient_funds,2,3,3,1
293235,card,gateway,payment_processing,payment_timed_out,6,2,1,1
490705,card,customer,payment_authentication,incorrect_pin,7,5,2,1
101279,netbanking,customer,payment_authentication,incorrect_pin,0,5,3,0
183837,upi,unknown,unknown,unknown,0,6,1,0
323979,upi,customer,payment_authentication,incorrect_pin,18,5,5,1
471568,netbanking,unknown,unknown,unknown,10,0,5,0
119700,wallet,bank,payment_processing,bank_unavailable,4,2,3,0
347768,netbanking,customer,payment_authorization,insufficient_funds,10,2,3,0
439792,wallet,customer,payment_authentication,incorrect_pin,16,4,4,1
316915,upi,gateway,payment_processing,payment_timed_out,17,2,4,0
213977,card,gateway,payment_processing,payment_timed_out,6,6,1,0
117974,netbanking,bank,payment_processing,bank_unavailable,4,2,3,0
144736,card,gateway,payment_processing,payment_timed_out,23,3,4,1
26826,upi,customer,payment_authorization,insufficient_funds,15,5,5,0
76860,upi,customer,payment_authentication,expired_card,23,2,3,0
219454,wallet,customer,payment_authorization,insufficient_funds,7,0,5,0
71108,netbanking,customer,payment_authentication,expired_card,2,2,3,0
6075,card,customer,payment_authentication,incorrect_pin,9,2,2,0
346650,card,bank,payment_processing,bank_unavailable,7,4,3,1
36430,upi,customer,payment_authentication,expired_card,17,4,4,0
71416,wallet,customer,payment_authentication,expired_card,17,3,5,0
298068,upi,bank,payment_processing,bank_unavailable,1,2,2,1
460991,wallet,customer,payment_authentication,expired_card,14,3,2,0
362512,upi,customer,payment_authentication,expired_card,8,1,4,0
17228,card,customer,payment_authorization,insufficient_funds,14,1,4,0
84806,card,customer,payment_authorization,insufficient_funds,9,4,2,1
370441,wallet,customer,payment_authentication,expired_card,12,6,4,0
366518,upi,unknown,unknown,unknown,17,3,1,1
196122,card,gateway,payment_processing,payment_timed_out,7,0,2,1
474914,card,customer,payment_authentication,expired_card,4,6,5,0
444347,card,unknown,unknown,unknown,16,2,3,0
371845,upi,unknown,unknown,unknown,22,5,5,0
374365,wallet,customer,payment_authentication,expired_card,10,6,2,0
392573,card,customer,payment_authentication,incorrect_pin,23,6,2,1
75067,card,customer,payment_authentication,expired_card,4,0,5,0
350656,card,customer,payment_authentication,expired_card,19,1,5,0
470013,wallet,customer,payment_authorization,insufficient_funds,23,4,5,0
113144,card,unknown,unknown,unknown,7,5,2,0
8309,card,unknown,unknown,unknown,3,5,5,0
181084,card,customer,payment_authorization,insufficient_funds,15,3,3,0
135538,card,bank,payment_processing,bank_unavailable,20,1,5,0
474685,upi,customer,payment_authorization,insufficient_funds,1,4,5,0
223497,netbanking,customer,payment_authorization,insufficient_funds,15,4,3,1
330944,upi,customer,payment_authorization,insufficient_funds,20,3,2,0
490990,upi,bank,payment_processing,bank_unavailable,0,4,5,0
394724,upi,customer,payment_authorization,insufficient_funds,12,1,3,0
374789,card,customer,payment_authentication,incorrect_pin,1,5,3,1
484379,wallet,bank,payment_processing,bank_unavailable,4,0,4,0
344737,netbanking,customer,payment_authentication,expired_card,11,5,5,0
116487,wallet,customer,payment_authorization,insufficient_funds,7,5,1,1
363663,card,customer,payment_authentication,expired_card,2,4,5,1
161521,wallet,customer,payment_authorization,insufficient_funds,19,5,3,0
166130,upi,gateway,payment_processing,payment_timed_out,4,6,1,0
322756,netbanking,customer,payment_authentication,expired_card,20,1,2,0
158429,wallet,unknown,unknown,unknown,4,3,3,0
13154,netbanking,customer,payment_authentication,incorrect_pin,12,4,4,1
499781,wallet,unknown,unknown,unknown,17,6,3,0
286038,card,bank,payment_processing,bank_unavailable,11,5,1,1
335335,upi,customer,payment_authentication,incorrect_pin,10,4,3,1
404536,wallet,gateway,payment_processing,payment_timed_out,18,3,2,0
317626,upi,customer,payment_authorization,insufficient_funds,0,1,2,0
305611,wallet,customer,payment_authorization,insufficient_funds,19,2,4,0
396128,netbanking,unknown,unknown,unknown,16,3,5,0
148401,wallet,customer,payment_authorization,insufficient_funds,18,6,1,0
414394,card,customer,payment_authentication,expired_card,10,6,4,0
362328,wallet,customer,payment_authorization,insufficient_funds,9,4,3,0
91874,upi,customer,payment_authentication,incorrect_pin,13,0,2,0
73869,card,customer,payment_authentication,incorrect_pin,15,5,4,1
439966,upi,customer,payment_authentication,incorrect_pin,22,3,2,1
447492,wallet,bank,payment_processing,bank_unavailable,20,4,4,1
496797,netbanking,bank,payment_processing,bank_unavailable,1,3,3,1
51356,wallet,customer,payment_authentication,incorrect_pin,3,5,1,1
447914,wallet,bank,payment_processing,bank_unavailable,22,1,4,0
431882,card,customer,payment_authorization,insufficient_funds,9,1,5,0
384030,upi,customer,payment_authentication,expired_card,13,1,3,0
249407,wallet,unknown,unknown,unknown,1,6,4,1
254745,card,gateway,payment_processing,payment_timed_out,2,0,1,1
214895,upi,unknown,unknown,unknown,9,2,2,0
15600,wallet,customer,payment_authorization,insufficient_funds,17,2,2,0
250830,wallet,customer,payment_authorization,insufficient_funds,18,5,4,0
119343,card,gateway,payment_processing,payment_timed_out,21,2,2,0
100903,wallet,customer,payment_authorization,insufficient_funds,4,6,4,0
28899,upi,unknown,unknown,unknown,4,6,2,0
229385,upi,bank,payment_processing,bank_unavailable,13,4,4,1
24891,card,customer,payment_authorization,insufficient_funds,13,2,2,1
425011,netbanking,unknown,unknown,unknown,0,4,3,1
444861,upi,customer,payment_authentication,expired_card,10,4,1,1
400677,upi,gateway,payment_processing,payment_timed_out,21,0,4,1
151193,netbanking,bank,payment_processing,bank_unavailable,3,5,1,0
82361,wallet,customer,payment_authentication,incorrect_pin,19,3,5,1
252821,netbanking,gateway,payment_processing,payment_timed_out,10,5,5,0
337037,wallet,customer,payment_authentication,incorrect_pin,12,4,3,1
11273,wallet,customer,payment_authentication,expired_card,15,6,5,0
428562,netbanking,bank,payment_processing,bank_unavailable,16,0,5,1
219845,netbanking,gateway,payment_processing,payment_timed_out,15,0,1,0
410064,wallet,unknown,unknown,unknown,2,0,4,0
39906,card,bank,payment_processing,bank_unavailable,7,6,2,0
213391,upi,unknown,unknown,unknown,20,6,5,0
229700,wallet,customer,payment_authentication,incorrect_pin,0,6,5,1
24998,card,customer,payment_authentication,incorrect_pin,17,2,5,1
354015,wallet,unknown,unknown,unknown,12,1,3,0
465654,card,customer,payment_authentication,expired_card,2,2,1,0
270758,wallet,bank,payment_processing,bank_unavailable,2,5,1,0
198547,upi,customer,payment_authentication,incorrect_pin,23,1,1,1
318390,netbanking,customer,payment_authorization,insufficient_funds,0,3,5,0
181127,card,gateway,payment_processing,payment_timed_out,0,4,3,0
180519,card,gateway,payment_processing,payment_timed_out,0,2,2,1
379998,card,unknown,unknown,unknown,15,3,3,0
295860,wallet,bank,payment_processing,bank_unavailable,22,4,1,0
132722,card,bank,payment_processing,bank_unavailable,4,5,3,0
204313,wallet,customer,payment_authentication,incorrect_pin,19,1,3,0
417540,card,customer,payment_authentication,incorrect_pin,17,3,4,1
264829,upi,bank,payment_processing,bank_unavailable,5,1,1,1
38949,wallet,customer,payment_authentication,expired_card,1,0,5,1
428652,upi,customer,payment_authentication,incorrect_pin,11,4,1,1
370615,card,bank,payment_processing,bank_unavailable,1,3,3,1
134174,wallet,customer,payment_authentication,expired_card,2,1,2,0
482929,wallet,gateway,payment_processing,payment_timed_out,11,0,4,0
475970,wallet,unknown,unknown,unknown,19,6,4,0
497889,card,bank,payment_processing,bank_unavailable,23,5,1,1
189524,wallet,bank,payment_processing,bank_unavailable,15,6,3,1
461979,card,unknown,unknown,unknown,6,0,3,1
403390,netbanking,gateway,payment_processing,payment_timed_out,7,0,3,1
435511,netbanking,customer,payment_authorization,insufficient_funds,14,1,1,1
273998,upi,gateway,payment_processing,payment_timed_out,4,0,1,0
140161,card,customer,payment_authentication,incorrect_pin,12,3,3,1
114166,card,bank,payment_processing,bank_unavailable,18,4,2,1
483358,card,customer,payment_authorization,insufficient_funds,20,1,3,1
251718,card,unknown,unknown,unknown,1,2,1,0
464021,netbanking,customer,payment_authentication,incorrect_pin,6,3,4,1
277799,upi,unknown,unknown,unknown,6,2,1,1
267652,upi,customer,payment_authorization,insufficient_funds,13,3,4,0
37549,wallet,customer,payment_authentication,incorrect_pin,4,4,5,0
201637,card,customer,payment_authentication,expired_card,22,6,2,1
278523,netbanking,gateway,payment_processing,payment_timed_out,22,2,1,0
55524,netbanking,customer,payment_authentication,incorrect_pin,7,0,1,1
81853,netbanking,customer,payment_authentication,incorrect_pin,9,6,2,0
295726,card,customer,payment_authentication,incorrect_pin,10,4,1,1
124821,card,bank,payment_processing,bank_unavailable,1,3,5,1
350573,wallet,customer,payment_authentication,incorrect_pin,21,5,5,1
230745,wallet,gateway,payment_processing,payment_timed_out,18,6,5,0
202594,card,customer,payment_authentication,incorrect_pin,7,0,5,1
59574,netbanking,gateway,payment_processing,payment_timed_out,13,6,3,1
203609,wallet,unknown,unknown,unknown,9,4,2,0
271564,upi,gateway,payment_processing,payment_timed_out,5,4,3,1
287082,wallet,unknown,unknown,unknown,7,6,2,1
135823,card,unknown,unknown,unknown,2,2,5,0
14864,wallet,customer,payment_authentication,incorrect_pin,19,5,3,1
467472,netbanking,bank,payment_processing,bank_unavailable,15,3,2,1
478976,wallet,gateway,payment_processing,payment_timed_out,22,6,4,1
452157,upi,bank,payment_processing,bank_unavailable,0,3,2,1
145663,upi,gateway,payment_processing,payment_timed_out,15,5,2,1
301696,wallet,gateway,payment_processing,payment_timed_out,13,3,2,1
71304,netbanking,unknown,unknown,unknown,14,2,1,0
452874,netbanking,customer,payment_authorization,insufficient_funds,23,2,1,0
3738,upi,bank,payment_processing,bank_unavailable,9,6,3,0
235864,upi,customer,payment_authentication,incorrect_pin,3,5,5,0
428589,wallet,customer,payment_authorization,insufficient_funds,0,1,2,1
363055,card,customer,payment_authorization,insufficient_funds,11,6,4,0
431741,netbanking,bank,payment_processing,bank_unavailable,4,4,2,1
248689,card,bank,payment_processing,bank_unavailable,3,0,2,1
48558,card,unknown,unknown,unknown,3,5,1,1
4907,upi,gateway,payment_processing,payment_timed_out,6,1,3,1
76968,wallet,gateway,payment_processing,payment_timed_out,2,6,4,1
29713,wallet,customer,payment_authentication,incorrect_pin,11,3,2,1
224503,upi,bank,payment_processing,bank_unavailable,15,6,3,0
26224,card,gateway,payment_processing,payment_timed_out,6,3,3,0
93666,netbanking,customer,payment_authorization,insufficient_funds,3,0,2,1
210287,card,bank,payment_processing,bank_unavailable,13,5,4,0
368175,netbanking,gateway,payment_processing,payment_timed_out,2,5,3,1
337443,card,gateway,payment_processing,payment_timed_out,17,2,1,1
29961,upi,unknown,unknown,unknown,9,1,3,0
451741,card,bank,payment_processing,bank_unavailable,9,6,2,1
275305,netbanking,bank,payment_processing,bank_unavailable,5,5,4,0
175087,upi,bank,payment_processing,bank_unavailable,6,2,2,1
192013,wallet,gateway,payment_processing,payment_timed_out,3,4,5,0
424361,upi,bank,payment_processing,bank_unavailable,13,1,4,0
233008,upi,bank,payment_processing,bank_unavailable,3,1,1,1
123670,netbanking,customer,payment_authorization,insufficient_funds,16,4,3,0
212954,netbanking,bank,payment_processing,bank_unavailable,6,5,5,1
35147,card,customer,payment_authorization,insufficient_funds,13,6,2,0
77426,card,customer,payment_authentication,expired_card,12,3,4,0
157975,upi,unknown,unknown,unknown,15,1,4,1
110920,netbanking,gateway,payment_processing,payment_timed_out,18,3,4,0
175299,card,bank,payment_processing,bank_unavailable,13,4,1,0
33339,upi,unknown,unknown,unknown,20,6,2,1
305418,card,unknown,unknown,unknown,6,0,2,1
58527,wallet,bank,payment_processing,bank_unavailable,18,4,2,0
109266,card,gateway,payment_processing,payment_timed_out,8,3,5,0
488970,wallet,bank,payment_processing,bank_unavailable,15,4,1,0
3948,card,unknown,unknown,unknown,11,0,3,1
140613,upi,bank,payment_processing,bank_unavailable,21,0,5,0
250595,card,customer,payment_authorization,insufficient_funds,6,4,5,0
154206,card,customer,payment_authentication,incorrect_pin,12,1,4,0
160944,upi,unknown,unknown,unknown,3,4,5,0
64426,netbanking,customer,payment_authorization,insufficient_funds,15,0,3,0
212279,card,gateway,payment_processing,payment_timed_out,0,5,4,0
377827,netbanking,customer,payment_authentication,incorrect_pin,9,2,3,1
294368,card,customer,payment_authentication,expired_card,0,3,1,0
462148,card,bank,payment_processing,bank_unavailable,7,2,1,0
350151,card,bank,payment_processing,bank_unavailable,11,2,5,0
395086,upi,customer,payment_authorization,insufficient_funds,7,3,1,0
216409,netbanking,customer,payment_authentication,incorrect_pin,9,4,2,1
306695,upi,bank,payment_processing,bank_unavailable,3,4,4,1
289498,netbanking,bank,payment_processing,bank_unavailable,17,6,3,1
406804,wallet,gateway,payment_processing,payment_timed_out,19,1,3,1
251044,wallet,bank,payment_processing,bank_unavailable,10,6,5,1
202711,card,customer,payment_authorization,insufficient_funds,1,4,4,1
35956,card,customer,payment_authorization,insufficient_funds,1,2,5,0
429890,wallet,customer,payment_authentication,expired_card,16,6,4,0
218331,card,bank,payment_processing,bank_unavailable,22,4,5,1
399461,card,unknown,unknown,unknown,20,1,4,0
339384,wallet,bank,payment_processing,bank_unavailable,9,1,3,0
1860,wallet,customer,payment_authentication,expired_card,11,4,5,1
326023,wallet,customer,payment_authentication,incorrect_pin,3,5,5,1
244409,upi,customer,payment_authorization,insufficient_funds,1,0,1,1
120646,wallet,unknown,unknown,unknown,18,4,5,0
133043,upi,bank,payment_processing,bank_unavailable,10,3,4,0
319340,netbanking,bank,payment_processing,bank_unavailable,11,6,5,1
44030,wallet,customer,payment_authentication,expired_card,8,5,4,0
303549,netbanking,customer,payment_authentication,incorrect_pin,7,6,5,0
423252,wallet,customer,payment_authentication,expired_card,23,0,2,0
44335,card,bank,payment_processing,bank_unavailable,19,5,1,1
4966,card,customer,payment_authentication,incorrect_pin,16,2,1,1
31240,card,bank,payment_processing,bank_unavailable,9,3,2,1
365352,card,bank,payment_processing,bank_unavailable,17,6,2,1
424047,netbanking,customer,payment_authorization,insufficient_funds,8,6,3,0
494108,card,customer,payment_authentication,expired_card,12,1,1,0
15387,netbanking,gateway,payment_processing,payment_timed_out,3,1,1,0
241528,card,customer,payment_authorization,insufficient_funds,17,5,3,0
25037,card,unknown,unknown,unknown,1,6,4,0
186249,upi,customer,payment_authentication,expired_card,17,4,1,0
154668,netbanking,gateway,payment_processing,payment_timed_out,14,0,3,1
303311,wallet,customer,payment_authentication,incorrect_pin,1,1,4,0
454590,wallet,gateway,payment_processing,payment_timed_out,12,5,4,1
402545,card,bank,payment_processing,bank_unavailable,5,5,1,1
32745,card,gateway,payment_processing,payment_timed_out,11,6,4,1
120885,netbanking,gateway,payment_processing,payment_timed_out,0,3,1,0
138174,netbanking,customer,payment_authorization,insufficient_funds,17,2,2,0
126100,upi,customer,payment_authorization,insufficient_funds,12,0,2,1
177264,netbanking,customer,payment_authentication,incorrect_pin,8,5,5,1
303982,upi,customer,payment_authentication,expired_card,21,6,1,1
370051,upi,gateway,payment_processing,payment_timed_out,15,0,4,1
470000,netbanking,bank,payment_processing,bank_unavailable,14,3,5,0
351758,upi,customer,payment_authentication,incorrect_pin,3,2,5,1
149921,card,customer,payment_authorization,insufficient_funds,12,5,2,1
92868,netbanking,bank,payment_processing,bank_unavailable,16,5,1,1
189000,netbanking,unknown,unknown,unknown,22,1,2,0
400027,card,customer,payment_authentication,incorrect_pin,14,6,4,1
496674,upi,bank,payment_processing,bank_unavailable,4,0,1,0
196755,wallet,customer,payment_authentication,expired_card,16,5,4,0
88935,wallet,customer,payment_authorization,insufficient_funds,1,5,2,1
3471,wallet,unknown,unknown,unknown,7,1,4,0
39407,netbanking,unknown,unknown,unknown,22,4,4,0
318799,card,bank,payment_processing,bank_unavailable,19,1,3,0
295288,wallet,gateway,payment_processing,payment_timed_out,21,1,4,1
322019,card,gateway,payment_processing,payment_timed_out,8,0,5,0
13109,upi,gateway,payment_processing,payment_timed_out,16,5,2,0
219047,wallet,customer,payment_authorization,insufficient_funds,16,5,3,0
91036,card,customer,payment_authentication,incorrect_pin,5,3,4,0
168921,wallet,bank,payment_processing,bank_unavailable,22,5,5,1
311483,card,customer,payment_authentication,incorrect_pin,23,2,3,1
138586,wallet,customer,payment_authorization,insufficient_funds,2,3,2,0
330097,netbanking,customer,payment_authentication,expired_card,18,5,5,0
145292,card,customer,payment_authentication,expired_card,10,3,5,0
255702,card,customer,payment_authorization,insufficient_funds,16,4,3,0
230090,wallet,customer,payment_authentication,incorrect_pin,13,1,1,0
192490,upi,customer,payment_authorization,insufficient_funds,5,3,2,1
63892,card,bank,payment_processing,bank_unavailable,2,5,3,0
288523,card,gateway,payment_processing,payment_timed_out,12,5,4,1
495057,netbanking,bank,payment_processing,bank_unavailable,20,2,4,1
322050,card,customer,payment_authorization,insufficient_funds,19,3,5,0
373153,netbanking,customer,payment_authentication,expired_card,6,4,1,0
401938,card,customer,payment_authentication,incorrect_pin,20,6,3,0
20066,upi,customer,payment_authorization,insufficient_funds,8,5,4,0
396583,upi,customer,payment_authentication,incorrect_pin,13,5,5,0
121990,netbanking,customer,payment_authentication,expired_card,7,5,1,0
332736,card,bank,payment_processing,bank_unavailable,12,2,5,0
491946,card,customer,payment_authentication,expired_card,12,2,1,1
447222,netbanking,customer,payment_authentication,expired_card,16,3,1,0
207801,card,bank,payment_processing,bank_unavailable,11,2,5,0
419175,card,unknown,unknown,unknown,12,6,4,1
309682,upi,unknown,unknown,unknown,15,6,5,0
67489,card,customer,payment_authentication,incorrect_pin,10,6,4,0
120716,netbanking,unknown,unknown,unknown,12,4,4,1
478383,netbanking,customer,payment_authorization,insufficient_funds,2,1,3,0
457692,wallet,customer,payment_authorization,insufficient_funds,20,1,3,0
445980,wallet,customer,payment_authentication,expired_card,3,1,3,1
192720,upi,customer,payment_authentication,incorrect_pin,20,4,2,0
161142,card,bank,payment_processing,bank_unavailable,18,2,5,0
403199,card,customer,payment_authorization,insufficient_funds,22,4,2,1
11072,netbanking,bank,payment_processing,bank_unavailable,0,6,4,1
448844,card,gateway,payment_processing,payment_timed_out,5,2,4,0
302384,wallet,unknown,unknown,unknown,1,6,3,0
316719,card,customer,payment_authorization,insufficient_funds,10,3,4,0
219770,netbanking,customer,payment_authentication,expired_card,21,5,1,0
489673,upi,bank,payment_processing,bank_unavailable,18,0,2,1
375034,wallet,bank,payment_processing,bank_unavailable,16,1,3,1
27864,wallet,customer,payment_authentication,expired_card,20,6,2,0
262775,wallet,unknown,unknown,unknown,0,6,5,0
429952,card,bank,payment_processing,bank_unavailable,18,3,5,0
39168,upi,customer,payment_authentication,incorrect_pin,7,0,4,1
368699,netbanking,unknown,unknown,unknown,16,0,2,1
123099,card,unknown,unknown,unknown,18,2,1,0
253756,wallet,customer,payment_authorization,insufficient_funds,16,6,4,0
441380,netbanking,customer,payment_authentication,expired_card,10,2,5,1
246673,netbanking,unknown,unknown,unknown,14,6,3,0
19807,wallet,customer,payment_authentication,expired_card,11,3,5,0
11366,wallet,bank,payment_processing,bank_unavailable,15,0,5,1
368598,card,unknown,unknown,unknown,11,3,3,0
465529,upi,gateway,payment_processing,payment_timed_out,9,2,2,0
146680,upi,customer,payment_authentication,expired_card,4,1,1,1
467768,card,customer,payment_authentication,incorrect_pin,9,4,4,0
226867,netbanking,bank,payment_processing,bank_unavailable,17,1,3,1
30298,upi,gateway,payment_processing,payment_timed_out,20,6,1,1
265972,upi,customer,payment_authorization,insufficient_funds,2,5,1,1
486886,netbanking,customer,payment_authentication,expired_card,4,5,5,0
125790,wallet,customer,payment_authentication,expired_card,12,0,2,0
480357,upi,customer,payment_authentication,incorrect_pin,16,6,2,0
326328,netbanking,customer,payment_authentication,expired_card,4,3,4,0
198643,upi,gateway,payment_processing,payment_timed_out,7,5,2,1
347028,netbanking,customer,payment_authorization,insufficient_funds,1,1,5,0
200977,wallet,customer,payment_authentication,expired_card,1,5,4,0
43444,wallet,gateway,payment_processing,payment_timed_out,3,2,2,1
435511,netbanking,customer,payment_authentication,incorrect_pin,17,4,2,1
187589,netbanking,customer,payment_authentication,expired_card,20,1,5,0
283316,wallet,customer,payment_authorization,insufficient_funds,11,6,3,1
372445,netbanking,bank,payment_processing,bank_unavailable,4,4,5,0
42369,card,customer,payment_authentication,expired_card,22,3,2,0
361097,wallet,customer,payment_authentication,incorrect_pin,6,3,1,0
183256,netbanking,customer,payment_authentication,incorrect_pin,3,0,5,0
272757,wallet,bank,payment_processing,bank_unavailable,3,2,2,1
229103,netbanking,unknown,unknown,unknown,8,5,5,0
389060,wallet,customer,payment_authentication,incorrect_pin,17,5,4,1
94585,upi,gateway,payment_processing,payment_timed_out,9,6,2,1
54714,upi,customer,payment_authentication,incorrect_pin,10,0,4,1
206066,upi,bank,payment_processing,bank_unavailable,8,1,1,1
59987,netbanking,bank,payment_processing,bank_unavailable,22,5,2,1
122119,netbanking,bank,payment_processing,bank_unavailable,16,2,2,1
329087,upi,customer,payment_authentication,incorrect_pin,15,1,4,1
409563,upi,gateway,payment_processing,payment_timed_out,10,1,3,0
346974,wallet,customer,payment_authorization,insufficient_funds,12,6,4,1
159542,wallet,gateway,payment_processing,payment_timed_out,21,6,3,1
407449,netbanking,customer,payment_authentication,expired_card,15,0,4,0
203638,card,customer,payment_authentication,expired_card,19,5,1,0
91337,card,customer,payment_authorization,insufficient_funds,0,3,4,1
378367,upi,customer,payment_authentication,expired_card,20,5,1,0
258869,upi,unknown,unknown,unknown,22,4,1,0
185922,wallet,unknown,unknown,unknown,16,4,4,0
330755,card,unknown,unknown,unknown,22,4,1,0
362654,netbanking,customer,payment_authorization,insufficient_funds,13,5,4,1
112626,netbanking,customer,payment_authentication,expired_card,6,5,1,0
59519,card,bank,payment_processing,bank_unavailable,14,3,1,0
258947,upi,unknown,unknown,unknown,15,0,5,1
26714,netbanking,unknown,unknown,unknown,3,0,1,1
319584,upi,unknown,unknown,unknown,4,2,5,0
220467,card,customer,payment_authentication,incorrect_pin,6,3,2,0
108010,wallet,customer,payment_authorization,insufficient_funds,13,6,4,0
299696,netbanking,gateway,payment_processing,payment_timed_out,3,0,5,1
188406,wallet,gateway,payment_processing,payment_timed_out,18,6,1,0
194821,upi,bank,payment_processing,bank_unavailable,2,0,2,0
108953,upi,customer,payment_authentication,incorrect_pin,22,3,3,1
338367,card,customer,payment_authentication,incorrect_pin,16,2,5,1
451569,card,gateway,payment_processing,payment_timed_out,8,3,1,0
309721,upi,bank,payment_processing,bank_unavailable,8,0,1,1
119162,wallet,bank,payment_processing,bank_unavailable,16,5,2,1
416862,upi,gateway,payment_processing,payment_timed_out,2,0,2,0
61296,netbanking,customer,payment_authentication,incorrect_pin,17,5,2,1
145597,netbanking,gateway,payment_processing,payment_timed_out,13,3,1,0
18542,netbanking,customer,payment_authorization,insufficient_funds,5,6,5,0
424346,upi,unknown,unknown,unknown,21,6,4,0
23431,card,unknown,unknown,unknown,15,5,1,0
273579,netbanking,customer,payment_authentication,expired_card,3,3,3,0
96601,card,customer,payment_authorization,insufficient_funds,15,2,4,0
106891,netbanking,customer,payment_authorization,insufficient_funds,9,4,4,0
304496,upi,customer,payment_authorization,insufficient_funds,18,4,5,1
402084,upi,unknown,unknown,unknown,11,5,4,0
9807,netbanking,customer,payment_authorization,insufficient_funds,23,3,4,0
80157,netbanking,bank,payment_processing,bank_unavailable,22,3,1,1
144085,upi,bank,payment_processing,bank_unavailable,0,0,1,0
471835,wallet,gateway,payment_processing,payment_timed_out,9,1,4,0
30025,upi,unknown,unknown,unknown,4,5,5,0
90072,wallet,customer,payment_authentication,expired_card,10,6,2,0
202426,netbanking,gateway,payment_processing,payment_timed_out,3,4,4,0
163477,wallet,customer,payment_authentication,expired_card,12,2,2,0
25239,wallet,bank,payment_processing,bank_unavailable,3,0,3,1
270557,card,customer,payment_authentication,incorrect_pin,14,0,4,0
304163,wallet,customer,payment_authorization,insufficient_funds,10,4,4,0
89318,upi,bank,payment_processing,bank_unavailable,23,4,1,1
344524,card,customer,payment_authentication,incorrect_pin,21,1,5,0
29313,upi,customer,payment_authorization,insufficient_funds,14,1,5,1
365938,card,bank,payment_processing,bank_unavailable,10,0,3,1
130319,wallet,bank,payment_processing,bank_unavailable,17,4,2,1
112947,card,gateway,payment_processing,payment_timed_out,16,4,3,0
98999,upi,unknown,unknown,unknown,3,2,5,0
434382,card,gateway,payment_processing,payment_timed_out,9,5,3,1
251550,wallet,customer,payment_authentication,incorrect_pin,23,5,1,1
345454,netbanking,bank,payment_processing,bank_unavailable,7,3,1,1
102774,netbanking,gateway,payment_processing,payment_timed_out,0,1,5,0
29268,card,customer,payment_authentication,expired_card,20,0,4,0
20055,card,bank,payment_processing,bank_unavailable,22,5,4,1
220943,netbanking,bank,payment_processing,bank_unavailable,15,4,1,1
163897,netbanking,bank,payment_processing,bank_unavailable,15,2,1,1
384111,wallet,customer,payment_authentication,expired_card,8,0,2,0
394416,netbanking,customer,payment_authorization,insufficient_funds,8,5,2,0
156136,wallet,customer,payment_authentication,expired_card,21,6,2,0
217347,wallet,customer,payment_authorization,insufficient_funds,20,3,3,1
191398,upi,gateway,payment_processing,payment_timed_out,11,1,2,0
337867,card,unknown,unknown,unknown,7,4,1,0
315172,card,customer,payment_authentication,expired_card,4,6,3,0
325888,upi,bank,payment_processing,bank_unavailable,0,4,4,1
28685,upi,unknown,unknown,unknown,11,0,4,1
169632,wallet,customer,payment_authentication,expired_card,13,1,2,0
483501,card,bank,payment_processing,bank_unavailable,16,0,2,0
171563,upi,customer,payment_authentication,incorrect_pin,19,2,3,0
88066,card,customer,payment_authentication,incorrect_pin,8,3,1,0
100606,card,customer,payment_authorization,insufficient_funds,4,3,5,0
14309,upi,customer,payment_authorization,insufficient_funds,20,5,5,0
390620,upi,gateway,payment_processing,payment_timed_out,18,0,1,0
3656,wallet,customer,payment_authentication,expired_card,12,6,5,0
298466,wallet,unknown,unknown,unknown,0,1,1,1
200378,card,customer,payment_authentication,expired_card,11,3,3,1
48246,netbanking,unknown,unknown,unknown,14,1,4,0
442243,wallet,customer,payment_authentication,expired_card,20,2,2,0
371242,wallet,bank,payment_processing,bank_unavailable,12,5,2,1
410062,upi,gateway,payment_processing,payment_timed_out,11,0,1,1
468391,wallet,bank,payment_processing,bank_unavailable,9,3,4,0
456111,upi,customer,payment_authorization,insufficient_funds,9,4,1,0
350625,upi,bank,payment_processing,bank_unavailable,0,3,3,1
267357,card,customer,payment_authentication,expired_card,2,2,2,0
348802,netbanking,bank,payment_processing,bank_unavailable,18,2,5,1
224924,upi,gateway,payment_processing,payment_timed_out,8,6,5,0
91478,card,unknown,unknown,unknown,20,1,5,0
193545,card,bank,payment_processing,bank_unavailable,9,3,4,0
233987,card,customer,payment_authorization,insufficient_funds,23,2,3,0
24162,wallet,bank,payment_processing,bank_unavailable,4,5,2,1
423887,card,unknown,unknown,unknown,4,5,1,0
454852,upi,customer,payment_authorization,insufficient_funds,14,5,5,1
210571,upi,unknown,unknown,unknown,19,0,2,0
248592,upi,bank,payment_processing,bank_unavailable,3,0,3,0
420645,upi,unknown,unknown,unknown,12,2,1,1
228079,netbanking,gateway,payment_processing,payment_timed_out,5,3,2,0
344381,card,gateway,payment_processing,payment_timed_out,17,0,4,0
258069,card,unknown,unknown,unknown,13,6,3,0
136294,wallet,customer,payment_authorization,insufficient_funds,15,6,3,0
397283,netbanking,customer,payment_authentication,expired_card,6,2,2,1
97165,upi,customer,payment_authentication,incorrect_pin,6,5,1,1
113011,card,customer,payment_authorization,insufficient_funds,15,3,5,0
346004,card,customer,payment_authentication,incorrect_pin,8,4,3,1
355241,wallet,gateway,payment_processing,payment_timed_out,16,6,2,0
477279,card,customer,payment_authentication,expired_card,3,0,2,1
355674,upi,gateway,payment_processing,payment_timed_out,7,1,4,0
13327,netbanking,customer,payment_authorization,insufficient_funds,2,2,3,1
424927,card,customer,payment_authorization,insufficient_funds,2,6,2,0
207545,upi,gateway,payment_processing,payment_timed_out,6,4,5,0
5333,netbanking,gateway,payment_processing,payment_timed_out,11,2,5,0
289944,upi,unknown,unknown,unknown,3,0,1,1
86027,wallet,customer,payment_authentication,incorrect_pin,2,4,4,1
208572,wallet,bank,payment_processing,bank_unavailable,21,1,5,1
236052,card,customer,payment_authentication,incorrect_pin,12,2,3,1
38035,netbanking,gateway,payment_processing,payment_timed_out,17,6,1,1
425420,netbanking,customer,payment_authentication,incorrect_pin,17,3,1,1
255664,netbanking,gateway,payment_processing,payment_timed_out,2,0,4,0
482594,upi,customer,payment_authentication,incorrect_pin,14,0,5,1
232962,card,customer,payment_authentication,incorrect_pin,20,2,1,1
297840,upi,unknown,unknown,unknown,10,0,3,1
406358,netbanking,bank,payment_processing,bank_unavailable,20,3,3,1
106855,upi,bank,payment_processing,bank_unavailable,22,2,2,1
454572,netbanking,customer,payment_authentication,expired_card,13,6,4,0
93107,netbanking,customer,payment_authorization,insufficient_funds,2,2,5,0
497978,wallet,gateway,payment_processing,payment_timed_out,14,1,2,0
320083,card,bank,payment_processing,bank_unavailable,21,4,1,1
259860,upi,customer,payment_authorization,insufficient_funds,13,4,2,0
105824,netbanking,bank,payment_processing,bank_unavailable,19,0,2,1
284978,upi,customer,payment_authentication,incorrect_pin,12,0,4,1
276991,upi,customer,payment_authorization,insufficient_funds,10,1,3,1
491881,wallet,customer,payment_authentication,expired_card,22,5,1,0
417571,wallet,customer,payment_authentication,incorrect_pin,3,1,2,1
241964,netbanking,customer,payment_authentication,incorrect_pin,10,6,4,0
195520,wallet,customer,payment_authentication,expired_card,3,3,3,0
194159,upi,bank,payment_processing,bank_unavailable,15,6,3,0
189858,upi,customer,payment_authentication,incorrect_pin,22,1,2,1
7778,card,gateway,payment_processing,payment_timed_out,23,2,2,0
19034,upi,gateway,payment_processing,payment_timed_out,5,0,1,0
375954,wallet,customer,payment_authentication,incorrect_pin,17,5,1,1
127788,upi,customer,payment_authorization,insufficient_funds,20,4,1,1
206233,netbanking,bank,payment_processing,bank_unavailable,20,0,4,1
349398,wallet,gateway,payment_processing,payment_timed_out,12,5,1,0
304144,netbanking,customer,payment_authentication,incorrect_pin,4,6,3,1
180835,upi,gateway,payment_processing,payment_timed_out,11,4,5,0
376460,card,customer,payment_authorization,insufficient_funds,18,5,4,0
79991,netbanking,customer,payment_authentication,incorrect_pin,14,1,3,0
236847,wallet,unknown,unknown,unknown,9,3,1,0
53778,card,customer,payment_authentication,incorrect_pin,5,5,3,0
266276,card,customer,payment_authentication,incorrect_pin,15,4,5,1
48431,wallet,unknown,unknown,unknown,10,4,2,0
470841,wallet,customer,payment_authentication,expired_card,11,5,5,0
329908,card,bank,payment_processing,bank_unavailable,22,4,4,0
123479,upi,gateway,payment_processing,payment_timed_out,0,0,2,0
306698,netbanking,customer,payment_authentication,expired_card,5,1,1,0
175644,wallet,customer,payment_authentication,expired_card,22,5,1,1
259742,wallet,customer,payment_authentication,incorrect_pin,22,1,2,0
84504,card,customer,payment_authentication,expired_card,7,4,2,1
250663,upi,customer,payment_authorization,insufficient_funds,23,3,4,0
54282,netbanking,gateway,payment_processing,payment_timed_out,5,4,3,0
77415,wallet,customer,payment_authentication,expired_card,1,1,3,0
292420,wallet,customer,payment_authentication,incorrect_pin,7,2,4,1
250802,upi,unknown,unknown,unknown,12,4,4,0
147499,card,customer,payment_authorization,insufficient_funds,0,1,4,0
30909,card,customer,payment_authorization,insufficient_funds,4,2,5,0
212334,upi,unknown,unknown,unknown,18,6,2,0
463004,wallet,gateway,payment_processing,payment_timed_out,14,1,5,0
354327,upi,unknown,unknown,unknown,14,4,3,0
29955,netbanking,customer,payment_authentication,expired_card,23,1,1,1
469006,wallet,unknown,unknown,unknown,5,4,1,0
212341,netbanking,customer,payment_authentication,incorrect_pin,21,0,1,1
288322,wallet,customer,payment_authentication,expired_card,8,4,5,0
1284,card,customer,payment_authorization,insufficient_funds,22,3,1,1
155732,wallet,bank,payment_processing,bank_unavailable,18,4,5,1
393289,card,customer,payment_authorization,insufficient_funds,5,0,4,0
166012,upi,customer,payment_authorization,insufficient_funds,5,3,3,0
83919,card,bank,payment_processing,bank_unavailable,13,3,5,1
46239,card,unknown,unknown,unknown,12,1,5,0
462534,netbanking,customer,payment_authentication,expired_card,5,2,5,0
406617,card,bank,payment_processing,bank_unavailable,6,4,3,0
22944,card,bank,payment_processing,bank_unavailable,21,3,2,0
462687,card,customer,payment_authentication,expired_card,18,4,1,0
410573,card,customer,payment_authorization,insufficient_funds,4,6,5,0
180601,netbanking,customer,payment_authentication,expired_card,17,2,5,0
328662,card,gateway,payment_processing,payment_timed_out,3,6,3,1
129717,wallet,customer,payment_authorization,insufficient_funds,10,6,1,1
125618,card,customer,payment_authentication,expired_card,0,4,5,0
357538,wallet,gateway,payment_processing,payment_timed_out,15,1,2,0
102007,card,customer,payment_authentication,expired_card,4,2,3,0
178234,upi,customer,payment_authorization,insufficient_funds,5,0,4,0
179481,upi,customer,payment_authentication,expired_card,4,4,1,1
75979,wallet,gateway,payment_processing,payment_timed_out,4,1,1,0
414373,wallet,customer,payment_authorization,insufficient_funds,1,6,1,1
337239,upi,customer,payment_authentication,expired_card,13,4,5,0
431117,netbanking,gateway,payment_processing,payment_timed_out,20,3,5,0
262440,netbanking,customer,payment_authorization,insufficient_funds,7,1,3,0
88467,upi,bank,payment_processing,bank_unavailable,18,0,3,1
140476,card,unknown,unknown,unknown,13,4,3,0
177370,netbanking,bank,payment_processing,bank_unavailable,6,5,2,0
471039,wallet,customer,payment_authentication,expired_card,1,1,3,0
119508,wallet,customer,payment_authentication,incorrect_pin,18,0,2,1
346848,upi,unknown,unknown,unknown,0,2,4,0
62198,upi,customer,payment_authentication,expired_card,10,5,2,1
478033,card,gateway,payment_processing,payment_timed_out,0,4,4,0
323578,upi,customer,payment_authentication,expired_card,18,0,5,1
215909,netbanking,bank,payment_processing,bank_unavailable,23,0,2,1
173589,upi,bank,payment_processing,bank_unavailable,7,0,1,1
177923,upi,gateway,payment_processing,payment_timed_out,7,5,3,1
113466,upi,unknown,unknown,unknown,13,5,1,0
300302,card,customer,payment_authentication,incorrect_pin,12,2,2,1
433133,wallet,unknown,unknown,unknown,9,4,4,0
121361,upi,gateway,payment_processing,payment_timed_out,8,0,3,0
374411,wallet,customer,payment_authentication,incorrect_pin,4,3,3,1
283526,card,customer,payment_authentication,incorrect_pin,6,1,4,1
387107,upi,gateway,payment_processing,payment_timed_out,14,5,1,1
385112,card,unknown,unknown,unknown,17,3,3,0
20558,netbanking,bank,payment_processing,bank_unavailable,18,5,1,1
11587,upi,customer,payment_authentication,expired_card,12,3,3,0
457651,upi,unknown,unknown,unknown,18,3,2,0
78558,wallet,customer,payment_authorization,insufficient_funds,14,6,5,1
287795,netbanking,customer,payment_authorization,insufficient_funds,8,6,2,1
376789,card,unknown,unknown,unknown,8,3,2,0
252398,wallet,customer,payment_authorization,insufficient_funds,12,2,1,0
4075,wallet,bank,payment_processing,bank_unavailable,7,4,1,1
6282,card,bank,payment_processing,bank_unavailable,18,1,2,1
335105,netbanking,customer,payment_authentication,expired_card,4,2,2,0
448934,upi,customer,payment_authorization,insufficient_funds,1,5,4,1
172369,card,gateway,payment_processing,payment_timed_out,11,6,5,1
272401,netbanking,gateway,payment_processing,payment_timed_out,1,2,5,0
466950,upi,customer,payment_authorization,insufficient_funds,4,2,5,0
412752,wallet,bank,payment_processing,bank_unavailable,9,6,5,1
270716,wallet,customer,payment_authentication,incorrect_pin,0,1,3,0
328100,card,customer,payment_authorization,insufficient_funds,5,0,2,0
480687,card,unknown,unknown,unknown,13,0,4,1
398550,upi,customer,payment_authentication,expired_card,8,0,2,0
208512,netbanking,customer,payment_authentication,expired_card,21,6,4,0
346773,upi,unknown,unknown,unknown,2,0,5,0
165128,card,gateway,payment_processing,payment_timed_out,17,2,1,1
460561,netbanking,gateway,payment_processing,payment_timed_out,14,4,4,0
47674,netbanking,gateway,payment_processing,payment_timed_out,15,4,5,0
113516,netbanking,bank,payment_processing,bank_unavailable,16,5,3,1
173659,upi,customer,payment_authentication,expired_card,1,6,2,0
101848,wallet,customer,payment_authorization,insufficient_funds,19,2,2,1
297934,netbanking,unknown,unknown,unknown,7,1,1,0
356558,wallet,customer,payment_authorization,insufficient_funds,15,0,2,1
445331,card,unknown,unknown,unknown,7,6,4,0
251196,wallet,unknown,unknown,unknown,9,2,3,0
311055,card,customer,payment_authentication,incorrect_pin,16,6,2,1
299982,wallet,gateway,payment_processing,payment_timed_out,22,2,3,0
2700,upi,unknown,unknown,unknown,21,5,5,0
354563,upi,customer,payment_authentication,expired_card,17,4,1,1
12605,netbanking,bank,payment_processing,bank_unavailable,12,4,1,0
274167,netbanking,unknown,unknown,unknown,12,4,5,0
499901,netbanking,customer,payment_authentication,expired_card,23,2,4,0
394059,card,customer,payment_authentication,incorrect_pin,4,0,3,1
253733,wallet,customer,payment_authorization,insufficient_funds,22,0,5,0
160115,card,gateway,payment_processing,payment_timed_out,15,2,3,0
418768,netbanking,bank,payment_processing,bank_unavailable,14,6,3,1
429637,wallet,customer,payment_authorization,insufficient_funds,14,4,2,1
184637,netbanking,gateway,payment_processing,payment_timed_out,19,4,5,1
54730,netbanking,customer,payment_authentication,incorrect_pin,16,1,4,1
291535,wallet,customer,payment_authorization,insufficient_funds,2,3,2,0
317368,wallet,bank,payment_processing,bank_unavailable,18,2,4,1
467101,card,customer,payment_authentication,incorrect_pin,17,0,4,1
445177,card,bank,payment_processing,bank_unavailable,21,4,1,0
115302,upi,unknown,unknown,unknown,22,2,1,1
127094,netbanking,unknown,unknown,unknown,22,2,3,0
498502,wallet,unknown,unknown,unknown,1,4,4,0
164090,card,customer,payment_authorization,insufficient_funds,15,0,4,1
229737,card,customer,payment_authentication,incorrect_pin,22,6,2,1
153415,upi,gateway,payment_processing,payment_timed_out,23,1,5,1
197277,card,bank,payment_processing,bank_unavailable,13,4,3,1
282568,upi,gateway,payment_processing,payment_timed_out,21,5,2,0
146936,wallet,customer,payment_authentication,incorrect_pin,21,1,1,0
207023,netbanking,gateway,payment_processing,payment_timed_out,0,1,5,1
176972,upi,customer,payment_authentication,expired_card,21,2,4,1
54871,upi,unknown,unknown,unknown,15,5,3,0
393561,wallet,customer,payment_authentication,incorrect_pin,13,4,2,1
445753,wallet,bank,payment_processing,bank_unavailable,4,3,1,1
246521,wallet,unknown,unknown,unknown,22,5,1,0
103133,upi,bank,payment_processing,bank_unavailable,7,3,1,0
321885,upi,customer,payment_authentication,expired_card,10,6,3,1
267506,upi,customer,payment_authentication,incorrect_pin,7,5,1,1
276060,wallet,gateway,payment_processing,payment_timed_out,23,1,1,1
297808,wallet,customer,payment_authorization,insufficient_funds,11,2,2,0
359231,wallet,customer,payment_authentication,expired_card,2,0,4,0
21335,upi,unknown,unknown,unknown,0,1,3,0
50608,upi,customer,payment_authentication,expired_card,23,0,1,1
48760,wallet,bank,payment_processing,bank_unavailable,5,0,4,1
78162,wallet,customer,payment_authorization,insufficient_funds,18,0,3,0
485874,netbanking,bank,payment_processing,bank_unavailable,0,4,1,0
365283,upi,unknown,unknown,unknown,21,2,4,0
332592,upi,customer,payment_authorization,insufficient_funds,15,3,5,1
349728,upi,customer,payment_authentication,expired_card,5,5,3,0
17749,netbanking,bank,payment_processing,bank_unavailable,21,5,1,1
107445,wallet,customer,payment_authorization,insufficient_funds,7,3,2,1
397306,netbanking,gateway,payment_processing,payment_timed_out,23,3,3,1
231920,card,bank,payment_processing,bank_unavailable,14,4,5,1
254763,wallet,customer,payment_authorization,insufficient_funds,10,2,5,0
375374,upi,customer,payment_authentication,expired_card,1,3,5,0
38524,wallet,gateway,payment_processing,payment_timed_out,6,2,5,0
399526,wallet,unknown,unknown,unknown,1,1,3,1
340695,netbanking,customer,payment_authentication,expired_card,20,1,4,1
202403,wallet,customer,payment_authentication,expired_card,2,4,4,0
250177,netbanking,gateway,payment_processing,payment_timed_out,2,5,4,0
38045,card,customer,payment_authorization,insufficient_funds,2,2,4,1
103255,card,customer,payment_authorization,insufficient_funds,23,0,1,0
123940,wallet,bank,payment_processing,bank_unavailable,23,4,5,1
438974,netbanking,customer,payment_authentication,expired_card,17,6,1,0
57240,upi,customer,payment_authentication,expired_card,1,3,3,0
146398,wallet,customer,payment_authentication,incorrect_pin,12,0,3,1
66743,upi,gateway,payment_processing,payment_timed_out,22,0,5,1
142994,netbanking,bank,payment_processing,bank_unavailable,2,3,1,1
6298,upi,unknown,unknown,unknown,19,6,3,0
137114,netbanking,gateway,payment_processing,payment_timed_out,0,0,2,1
362147,card,unknown,unknown,unknown,19,5,1,1
383961,card,customer,payment_authentication,expired_card,13,5,2,0
190315,netbanking,customer,payment_authentication,expired_card,21,0,3,0
353353,wallet,customer,payment_authorization,insufficient_funds,9,1,5,0
309725,card,bank,payment_processing,bank_unavailable,18,0,2,1
451670,wallet,unknown,unknown,unknown,20,3,5,0
402518,card,bank,payment_processing,bank_unavailable,7,1,4,0
115440,upi,customer,payment_authentication,incorrect_pin,15,6,5,1
294726,upi,customer,payment_authorization,insufficient_funds,11,0,5,0
393396,upi,customer,payment_authentication,expired_card,10,4,4,0
153513,netbanking,customer,payment_authentication,expired_card,19,5,4,0
286950,netbanking,unknown,unknown,unknown,5,1,1,0
200727,card,unknown,unknown,unknown,2,1,4,0
155031,card,customer,payment_authentication,expired_card,11,5,1,0
100472,wallet,customer,payment_authentication,expired_card,19,0,4,0
18691,netbanking,gateway,payment_processing,payment_timed_out,3,3,4,1
375174,upi,customer,payment_authentication,incorrect_pin,8,1,4,0
409655,upi,customer,payment_authentication,expired_card,16,0,4,0
326214,card,bank,payment_processing,bank_unavailable,11,3,2,0
121294,card,gateway,payment_processing,payment_timed_out,14,3,2,1
10392,wallet,gateway,payment_processing,payment_timed_out,12,2,3,1
316240,netbanking,customer,payment_authentication,expired_card,19,5,3,0
100757,wallet,customer,payment_authentication,expired_card,21,0,2,0
274885,netbanking,gateway,payment_processing,payment_timed_out,10,3,3,0
485143,card,customer,payment_authentication,expired_card,10,1,3,0
3220,netbanking,customer,payment_authorization,insufficient_funds,6,5,2,0
289026,netbanking,customer,payment_authorization,insufficient_funds,10,3,4,1
497178,netbanking,gateway,payment_processing,payment_timed_out,20,4,2,0
167816,upi,customer,payment_authentication,expired_card,12,0,2,0
407351,netbanking,customer,payment_authorization,insufficient_funds,16,3,3,1
414230,card,unknown,unknown,unknown,10,0,1,0
243749,wallet,unknown,unknown,unknown,16,2,4,0
154125,wallet,customer,payment_authentication,expired_card,17,6,4,1
340491,netbanking,customer,payment_authorization,insufficient_funds,12,5,5,0
310108,wallet,unknown,unknown,unknown,22,0,2,0
238821,netbanking,customer,payment_authorization,insufficient_funds,21,2,3,0
97174,upi,bank,payment_processing,bank_unavailable,3,6,3,1
372549,netbanking,unknown,unknown,unknown,5,1,4,0
106482,wallet,customer,payment_authentication,expired_card,22,5,4,0
68030,upi,customer,payment_authorization,insufficient_funds,9,2,5,1
34538,upi,customer,payment_authentication,incorrect_pin,7,3,5,1
223729,card,bank,payment_processing,bank_unavailable,19,6,1,0
60927,wallet,gateway,payment_processing,payment_timed_out,14,4,2,0
168433,netbanking,gateway,payment_processing,payment_timed_out,3,1,4,1
121656,wallet,customer,payment_authorization,insufficient_funds,2,0,3,0
230368,wallet,customer,payment_authentication,incorrect_pin,19,1,3,0
389035,netbanking,gateway,payment_processing,payment_timed_out,18,2,1,1
225786,netbanking,customer,payment_authentication,incorrect_pin,8,0,3,1
278996,card,customer,payment_authentication,incorrect_pin,20,6,4,1
72404,upi,bank,payment_processing,bank_unavailable,3,0,1,1
57418,card,customer,payment_authentication,expired_card,20,3,3,0
488268,netbanking,customer,payment_authorization,insufficient_funds,1,6,5,0
310366,upi,customer,payment_authorization,insufficient_funds,15,2,3,0
8730,upi,customer,payment_authorization,insufficient_funds,20,3,5,1
283005,upi,bank,payment_processing,bank_unavailable,14,0,2,0
6026,netbanking,customer,payment_authentication,incorrect_pin,18,5,1,1
39512,wallet,customer,payment_authentication,incorrect_pin,8,6,4,1
187347,wallet,bank,payment_processing,bank_unavailable,6,5,2,1
328570,card,customer,payment_authentication,incorrect_pin,6,1,1,1
310568,netbanking,customer,payment_authorization,insufficient_funds,2,2,1,1
395703,wallet,customer,payment_authentication,expired_card,6,5,5,0
90647,netbanking,customer,payment_authentication,incorrect_pin,5,5,4,1
96642,card,customer,payment_authentication,expired_card,18,2,2,0
267064,card,customer,payment_authentication,expired_card,5,6,3,0
434483,netbanking,customer,payment_authentication,expired_card,3,1,2,1
361663,card,customer,payment_authentication,expired_card,17,5,1,0
334977,wallet,gateway,payment_processing,payment_timed_out,12,3,5,0
47936,wallet,customer,payment_authentication,incorrect_pin,5,4,5,1
439123,upi,customer,payment_authorization,insufficient_funds,16,4,2,0
492227,netbanking,customer,payment_authorization,insufficient_funds,5,3,2,0
291561,card,gateway,payment_processing,payment_timed_out,18,5,5,0
169013,netbanking,unknown,unknown,unknown,0,5,3,0
331609,card,unknown,unknown,unknown,14,5,2,0
321565,card,customer,payment_authentication,expired_card,14,0,2,1
464622,card,bank,payment_processing,bank_unavailable,8,2,3,1
56249,upi,bank,payment_processing,bank_unavailable,16,5,3,0
258105,wallet,customer,payment_authentication,incorrect_pin,9,6,1,1
355034,upi,bank,payment_processing,bank_unavailable,15,2,3,0
175152,card,customer,payment_authentication,expired_card,5,5,3,0
420388,upi,customer,payment_authorization,insufficient_funds,13,3,2,1
33299,upi,gateway,payment_processing,payment_timed_out,18,1,2,0
53537,card,gateway,payment_processing,payment_timed_out,23,6,3,0
395627,wallet,customer,payment_authorization,insufficient_funds,8,3,2,0
63805,wallet,unknown,unknown,unknown,11,4,5,0
209833,card,customer,payment_authentication,incorrect_pin,11,2,3,0
141242,netbanking,unknown,unknown,unknown,20,0,3,0
344379,wallet,gateway,payment_processing,payment_timed_out,23,3,2,1
6955,upi,customer,payment_authorization,insufficient_funds,15,5,5,1
179079,wallet,customer,payment_authentication,expired_card,19,2,1,0
493040,upi,customer,payment_authorization,insufficient_funds,2,6,3,0
185053,upi,gateway,payment_processing,payment_timed_out,18,5,1,0
299594,card,customer,payment_authentication,incorrect_pin,19,4,4,1
494041,upi,customer,payment_authorization,insufficient_funds,17,5,2,1
304187,wallet,customer,payment_authorization,insufficient_funds,14,6,2,0
377736,wallet,customer,payment_authorization,insufficient_funds,21,5,1,1
479523,card,customer,payment_authorization,insufficient_funds,15,5,4,1
308986,wallet,customer,payment_authentication,expired_card,20,4,2,1
416183,wallet,customer,payment_authentication,expired_card,4,6,2,0
254615,wallet,customer,payment_authentication,expired_card,15,0,5,0
407308,wallet,customer,payment_authorization,insufficient_funds,10,2,1,0
321347,netbanking,customer,payment_authorization,insufficient_funds,20,6,3,0
170412,upi,unknown,unknown,unknown,21,3,1,0
279558,wallet,customer,payment_authorization,insufficient_funds,20,0,1,1
168097,netbanking,customer,payment_authentication,incorrect_pin,5,5,1,1
199143,wallet,bank,payment_processing,bank_unavailable,11,4,1,1
146577,wallet,customer,payment_authentication,incorrect_pin,0,6,5,1
246059,upi,bank,payment_processing,bank_unavailable,23,0,3,0
174001,card,unknown,unknown,unknown,6,1,5,0
313388,upi,customer,payment_authorization,insufficient_funds,14,3,2,1
185385,upi,gateway,payment_processing,payment_timed_out,11,1,4,0
246011,wallet,bank,payment_processing,bank_unavailable,21,3,1,0
70861,wallet,bank,payment_processing,bank_unavailable,19,2,1,0
193908,wallet,customer,payment_authentication,expired_card,18,1,1,0
178618,wallet,customer,payment_authentication,expired_card,15,5,5,0
480572,netbanking,customer,payment_authorization,insufficient_funds,2,0,4,0
223927,netbanking,customer,payment_authorization,insufficient_funds,22,6,4,0
11744,wallet,unknown,unknown,unknown,1,1,5,0
155364,netbanking,customer,payment_authorization,insufficient_funds,10,4,2,0
364982,netbanking,unknown,unknown,unknown,9,6,4,1
83508,upi,bank,payment_processing,bank_unavailable,9,0,3,0
82329,netbanking,unknown,unknown,unknown,23,6,3,0
187332,wallet,bank,payment_processing,bank_unavailable,5,2,4,1
179031,netbanking,customer,payment_authentication,expired_card,13,5,3,0
240973,card,customer,payment_authentication,expired_card,5,5,1,0
